1999-10-01, 372
1999-10-02, 366
1999-10-03, 367
1999-10-04, 366
1999-10-05, 361
1999-10-06, 367
1999-10-07, 390
1999-10-08, 372
1999-10-09, 365
1999-10-10, 360
1999-10-11, 357
1999-10-12, 351
1999-10-13, 346
1999-10-14, 346
1999-10-15, 344
1999-10-16, 342
1999-10-17, 342
1999-10-18, 359
1999-10-19, 358
1999-10-20, 354
1999-10-21, 351
1999-10-22, 349
1999-10-23, 348
1999-10-24, 344
1999-10-25, 341
1999-10-26, 339
1999-10-27, 345
1999-10-28, 537
1999-10-29, 567
1999-10-30, 434
1999-10-31, 406
1999-11-01, 391
1999-11-02, 381
1999-11-03, 373
1999-11-04, 380
1999-11-05, 421
1999-11-06, 403
1999-11-07, 382
1999-11-08, 373
1999-11-09, 367
1999-11-10, 364
1999-11-11, 359
1999-11-12, 355
1999-11-13, 351
1999-11-14, 346
1999-11-15, 340
1999-11-16, 342
1999-11-17, 363
1999-11-18, 377
1999-11-19, 350
1999-11-20, 389
1999-11-21, 379
1999-11-22, 321
1999-11-23, 250
1999-11-24, 324
1999-11-25, 494
1999-11-26, 1060
1999-11-27, 1010
1999-11-28, 642
1999-11-29, 561
1999-11-30, 535
1999-12-01, 560
1999-12-02, 524
1999-12-03, 456
1999-12-04, 309
1999-12-05, 348
1999-12-06, 510
1999-12-07, 495
1999-12-08, 440
1999-12-09, 416
1999-12-10, 450
1999-12-11, 429
1999-12-12, 442
1999-12-13, 487
1999-12-14, 426
1999-12-15, 428
1999-12-16, 449
1999-12-17, 465
1999-12-18, 470
1999-12-19, 449
1999-12-20, 422
1999-12-21, 340
1999-12-22, 260
1999-12-23, 220
1999-12-24, 240
1999-12-25, 260
1999-12-26, 260
1999-12-27, 280
1999-12-28, 300
1999-12-29, 300
1999-12-30, 300
1999-12-31, 340
2000-01-01, 400
2000-01-02, 420
2000-01-03, 407
2000-01-04, 419
2000-01-05, 442
2000-01-06, 353
2000-01-07, 355
2000-01-08, 473
2000-01-09, 451
2000-01-10, 446
2000-01-11, 534
2000-01-12, 485
2000-01-13, 423
2000-01-14, 490
2000-01-15, 522
2000-01-16, 540
2000-01-17, 534
2000-01-18, 501
2000-01-19, 508
2000-01-20, 498
2000-01-21, 489
2000-01-22, 467
2000-01-23, 433
2000-01-24, 453
2000-01-25, 472
2000-01-26, 462
2000-01-27, 389
2000-01-28, 256
2000-01-29, 208
2000-01-30, 222
2000-01-31, 520
2000-02-01, 506
2000-02-02, 480
2000-02-03, 433
2000-02-04, 417
2000-02-05, 444
2000-02-06, 450
2000-02-07, 463
2000-02-08, 481
2000-02-09, 503
2000-02-10, 543
2000-02-11, 599
2000-02-12, 641
2000-02-13, 621
2000-02-14, 645
2000-02-15, 781
2000-02-16, 702
2000-02-17, 645
2000-02-18, 565
2000-02-19, 517
2000-02-20, 557
2000-02-21, 644
2000-02-22, 649
2000-02-23, 762
2000-02-24, 853
2000-02-25, 741
2000-02-26, 711
2000-02-27, 710
2000-02-28, 751
2000-02-29, 762
2000-03-01, 741
2000-03-02, 744
2000-03-03, 763
2000-03-04, 823
2000-03-05, 998
2000-03-06, 1240
2000-03-07, 1260
2000-03-08, 1120
2000-03-09, 1030
2000-03-10, 910
2000-03-11, 845
2000-03-12, 783
2000-03-13, 751
2000-03-14, 800
2000-03-15, 796
2000-03-16, 795
2000-03-17, 784
2000-03-18, 729
2000-03-19, 934
2000-03-20, 898
2000-03-21, 852
2000-03-22, 876
2000-03-23, 1040
2000-03-24, 1070
2000-03-25, 1060
2000-03-26, 1130
2000-03-27, 1370
2000-03-28, 1650
2000-03-29, 1500
2000-03-30, 1320
2000-03-31, 1240
2000-04-01, 1260
2000-04-02, 1470
2000-04-03, 1910
2000-04-04, 2240
2000-04-05, 2870
2000-04-06, 2630
2000-04-07, 2210
2000-04-08, 2070
2000-04-09, 2460
2000-04-10, 2630
2000-04-11, 2730
2000-04-12, 2950
2000-04-13, 3480
2000-04-14, 3690
2000-04-15, 3370
2000-04-16, 3030
2000-04-17, 2800
2000-04-18, 2890
2000-04-19, 3220
2000-04-20, 3460
2000-04-21, 3740
2000-04-22, 3920
2000-04-23, 3700
2000-04-24, 3270
2000-04-25, 2930
2000-04-26, 2740
2000-04-27, 2690
2000-04-28, 3360
2000-04-29, 3450
2000-04-30, 3230
2000-05-01, 3210
2000-05-02, 3490
2000-05-03, 3750
2000-05-04, 3970
2000-05-05, 3920
2000-05-06, 3470
2000-05-07, 3120
2000-05-08, 2850
2000-05-09, 2700
2000-05-10, 2640
2000-05-11, 2470
2000-05-12, 2310
2000-05-13, 2180
2000-05-14, 2110
2000-05-15, 2110
2000-05-16, 2210
2000-05-17, 2330
2000-05-18, 2660
2000-05-19, 3020
2000-05-20, 3200
2000-05-21, 3420
2000-05-22, 4030
2000-05-23, 4530
2000-05-24, 4540
2000-05-25, 4610
2000-05-26, 4060
2000-05-27, 3640
2000-05-28, 3630
2000-05-29, 3620
2000-05-30, 3330
2000-05-31, 2980
2000-06-01, 2630
2000-06-02, 2460
2000-06-03, 2570
2000-06-04, 2840
2000-06-05, 3050
2000-06-06, 3250
2000-06-07, 3140
2000-06-08, 3200
2000-06-09, 2800
2000-06-10, 2400
2000-06-11, 2120
2000-06-12, 2190
2000-06-13, 3140
2000-06-14, 2640
2000-06-15, 2580
2000-06-16, 2460
2000-06-17, 2080
2000-06-18, 1890
2000-06-19, 1810
2000-06-20, 1720
2000-06-21, 1620
2000-06-22, 1580
2000-06-23, 1560
2000-06-24, 1490
2000-06-25, 1410
2000-06-26, 1330
2000-06-27, 1250
2000-06-28, 1170
2000-06-29, 1110
2000-06-30, 1050
2000-07-01, 1010
2000-07-02, 966
2000-07-03, 931
2000-07-04, 899
2000-07-05, 844
2000-07-06, 823
2000-07-07, 780
2000-07-08, 753
2000-07-09, 721
2000-07-10, 704
2000-07-11, 683
2000-07-12, 660
2000-07-13, 640
2000-07-14, 622
2000-07-15, 607
2000-07-16, 600
2000-07-17, 596
2000-07-18, 613
2000-07-19, 594
2000-07-20, 564
2000-07-21, 547
2000-07-22, 530
2000-07-23, 509
2000-07-24, 501
2000-07-25, 495
2000-07-26, 489
2000-07-27, 491
2000-07-28, 469
2000-07-29, 452
2000-07-30, 441
2000-07-31, 435
2000-08-01, 425
2000-08-02, 409
2000-08-03, 397
2000-08-04, 415
2000-08-05, 420
2000-08-06, 395
2000-08-07, 387
2000-08-08, 373
2000-08-09, 366
2000-08-10, 357
2000-08-11, 352
2000-08-12, 348
2000-08-13, 344
2000-08-14, 338
2000-08-15, 332
2000-08-16, 331
2000-08-17, 321
2000-08-18, 313
2000-08-19, 310
2000-08-20, 313
2000-08-21, 315
2000-08-22, 316
2000-08-23, 309
2000-08-24, 313
2000-08-25, 308
2000-08-26, 295
2000-08-27, 290
2000-08-28, 296
2000-08-29, 287
2000-08-30, 287
2000-08-31, 289
2000-09-01, 374
2000-09-02, 488
2000-09-03, 477
2000-09-04, 399
2000-09-05, 373
2000-09-06, 361
2000-09-07, 354
2000-09-08, 343
2000-09-09, 332
2000-09-10, 332
2000-09-11, 356
2000-09-12, 346
2000-09-13, 328
2000-09-14, 314
2000-09-15, 301
2000-09-16, 295
2000-09-17, 294
2000-09-18, 294
2000-09-19, 296
2000-09-20, 297
2000-09-21, 299
2000-09-22, 308
2000-09-23, 345
2000-09-24, 338
2000-09-25, 333
2000-09-26, 326
2000-09-27, 319
2000-09-28, 312
2000-09-29, 307
2000-09-30, 305
2000-10-01, 307
2000-10-02, 320
2000-10-03, 311
2000-10-04, 310
2000-10-05, 309
2000-10-06, 310
2000-10-07, 310
2000-10-08, 308
2000-10-09, 306
2000-10-10, 312
2000-10-11, 369
2000-10-12, 439
2000-10-13, 445
2000-10-14, 397
2000-10-15, 392
2000-10-16, 372
2000-10-17, 361
2000-10-18, 355
2000-10-19, 351
2000-10-20, 348
2000-10-21, 458
2000-10-22, 448
2000-10-23, 390
2000-10-24, 374
2000-10-25, 365
2000-10-26, 365
2000-10-27, 410
2000-10-28, 395
2000-10-29, 544
2000-10-30, 543
2000-10-31, 485
2000-11-01, 464
2000-11-02, 440
2000-11-03, 417
2000-11-04, 417
2000-11-05, 433
2000-11-06, 403
2000-11-07, 366
2000-11-08, 400
2000-11-09, 418
2000-11-10, 404
2000-11-11, 389
2000-11-12, 358
2000-11-13, 350
2000-11-14, 385
2000-11-15, 410
2000-11-16, 347
2000-11-17, 326
2000-11-18, 308
2000-11-19, 320
2000-11-20, 361
2000-11-21, 381
2000-11-22, 402
2000-11-23, 367
2000-11-24, 405
2000-11-25, 388
2000-11-26, 405
2000-11-27, 416
2000-11-28, 376
2000-11-29, 352
2000-11-30, 434
2000-12-01, 386
2000-12-02, 342
2000-12-03, 365
2000-12-04, 378
2000-12-05, 355
2000-12-06, 356
2000-12-07, 360
2000-12-08, 392
2000-12-09, 387
2000-12-10, 360
2000-12-11, 340
2000-12-12, 335
2000-12-13, 386
2000-12-14, 405
2000-12-15, 401
2000-12-16, 333
2000-12-17, 382
2000-12-18, 340
2000-12-19, 300
2000-12-20, 340
2000-12-21, 400
2000-12-22, 422
2000-12-23, 406
2000-12-24, 409
2000-12-25, 363
2000-12-26, 288
2000-12-27, 320
2000-12-28, 340
2000-12-29, 340
2000-12-30, 340
2000-12-31, 340
2001-01-01, 320
2001-01-02, 320
2001-01-03, 321
2001-01-04, 387
2001-01-05, 400
2001-01-06, 380
2001-01-07, 300
2001-01-08, 346
2001-01-09, 488
2001-01-10, 464
2001-01-11, 418
2001-01-12, 427
2001-01-13, 411
2001-01-14, 398
2001-01-15, 362
2001-01-16, 268
2001-01-17, 238
2001-01-18, 347
2001-01-19, 420
2001-01-20, 400
2001-01-21, 380
2001-01-22, 397
2001-01-23, 380
2001-01-24, 380
2001-01-25, 394
2001-01-26, 373
2001-01-27, 336
2001-01-28, 260
2001-01-29, 280
2001-01-30, 372
2001-01-31, 399
2001-02-01, 399
2001-02-02, 388
2001-02-03, 385
2001-02-04, 381
2001-02-05, 378
2001-02-06, 363
2001-02-07, 320
2001-02-08, 260
2001-02-09, 321
2001-02-10, 396
2001-02-11, 378
2001-02-12, 360
2001-02-13, 354
2001-02-14, 347
2001-02-15, 336
2001-02-16, 364
2001-02-17, 353
2001-02-18, 355
2001-02-19, 360
2001-02-20, 370
2001-02-21, 374
2001-02-22, 381
2001-02-23, 371
2001-02-24, 366
2001-02-25, 367
2001-02-26, 351
2001-02-27, 327
2001-02-28, 326
2001-03-01, 336
2001-03-02, 405
2001-03-03, 383
2001-03-04, 378
2001-03-05, 396
2001-03-06, 408
2001-03-07, 450
2001-03-08, 509
2001-03-09, 590
2001-03-10, 587
2001-03-11, 577
2001-03-12, 554
2001-03-13, 545
2001-03-14, 548
2001-03-15, 522
2001-03-16, 535
2001-03-17, 509
2001-03-18, 497
2001-03-19, 527
2001-03-20, 679
2001-03-21, 788
2001-03-22, 806
2001-03-23, 823
2001-03-24, 877
2001-03-25, 998
2001-03-26, 1030
2001-03-27, 886
2001-03-28, 842
2001-03-29, 793
2001-03-30, 777
2001-03-31, 756
2001-04-01, 808
2001-04-02, 820
2001-04-03, 739
2001-04-04, 733
2001-04-05, 691
2001-04-06, 686
2001-04-07, 682
2001-04-08, 661
2001-04-09, 604
2001-04-10, 622
2001-04-11, 625
2001-04-12, 625
2001-04-13, 599
2001-04-14, 581
2001-04-15, 587
2001-04-16, 620
2001-04-17, 692
2001-04-18, 798
2001-04-19, 928
2001-04-20, 979
2001-04-21, 965
2001-04-22, 944
2001-04-23, 927
2001-04-24, 909
2001-04-25, 994
2001-04-26, 1240
2001-04-27, 1610
2001-04-28, 1940
2001-04-29, 1810
2001-04-30, 1630
2001-05-01, 1650
2001-05-02, 1520
2001-05-03, 1390
2001-05-04, 1310
2001-05-05, 1330
2001-05-06, 1390
2001-05-07, 1400
2001-05-08, 1470
2001-05-09, 1630
2001-05-10, 1730
2001-05-11, 1770
2001-05-12, 1870
2001-05-13, 2300
2001-05-14, 2440
2001-05-15, 3290
2001-05-16, 3510
2001-05-17, 2850
2001-05-18, 2400
2001-05-19, 2190
2001-05-20, 2030
2001-05-21, 1870
2001-05-22, 1770
2001-05-23, 1800
2001-05-24, 1920
2001-05-25, 2040
2001-05-26, 2110
2001-05-27, 2010
2001-05-28, 1820
2001-05-29, 1640
2001-05-30, 1450
2001-05-31, 1310
2001-06-01, 1250
2001-06-02, 1230
2001-06-03, 1190
2001-06-04, 1180
2001-06-05, 1100
2001-06-06, 1010
2001-06-07, 944
2001-06-08, 886
2001-06-09, 866
2001-06-10, 871
2001-06-11, 869
2001-06-12, 992
2001-06-13, 909
2001-06-14, 826
2001-06-15, 772
2001-06-16, 730
2001-06-17, 705
2001-06-18, 689
2001-06-19, 671
2001-06-20, 658
2001-06-21, 654
2001-06-22, 640
2001-06-23, 630
2001-06-24, 626
2001-06-25, 605
2001-06-26, 601
2001-06-27, 583
2001-06-28, 608
2001-06-29, 575
2001-06-30, 550
2001-07-01, 537
2001-07-02, 519
2001-07-03, 504
2001-07-04, 491
2001-07-05, 482
2001-07-06, 477
2001-07-07, 472
2001-07-08, 505
2001-07-09, 501
2001-07-10, 553
2001-07-11, 581
2001-07-12, 533
2001-07-13, 496
2001-07-14, 469
2001-07-15, 482
2001-07-16, 501
2001-07-17, 486
2001-07-18, 458
2001-07-19, 448
2001-07-20, 440
2001-07-21, 431
2001-07-22, 420
2001-07-23, 412
2001-07-24, 402
2001-07-25, 381
2001-07-26, 358
2001-07-27, 351
2001-07-28, 346
2001-07-29, 343
2001-07-30, 368
2001-07-31, 474
2001-08-01, 388
2001-08-02, 344
2001-08-03, 325
2001-08-04, 320
2001-08-05, 313
2001-08-06, 305
2001-08-07, 297
2001-08-08, 291
2001-08-09, 287
2001-08-10, 298
2001-08-11, 290
2001-08-12, 283
2001-08-13, 282
2001-08-14, 282
2001-08-15, 284
2001-08-16, 279
2001-08-17, 272
2001-08-18, 264
2001-08-19, 260
2001-08-20, 260
2001-08-21, 259
2001-08-22, 258
2001-08-23, 260
2001-08-24, 261
2001-08-25, 259
2001-08-26, 256
2001-08-27, 251
2001-08-28, 247
2001-08-29, 247
2001-08-30, 248
2001-08-31, 248
2001-09-01, 248
2001-09-02, 245
2001-09-03, 244
2001-09-04, 243
2001-09-05, 247
2001-09-06, 323
2001-09-07, 382
2001-09-08, 317
2001-09-09, 300
2001-09-10, 290
2001-09-11, 294
2001-09-12, 267
2001-09-13, 277
2001-09-14, 346
2001-09-15, 304
2001-09-16, 296
2001-09-17, 303
2001-09-18, 294
2001-09-19, 280
2001-09-20, 268
2001-09-21, 265
2001-09-22, 261
2001-09-23, 258
2001-09-24, 254
2001-09-25, 252
2001-09-26, 259
2001-09-27, 259
2001-09-28, 254
2001-09-29, 252
2001-09-30, 252
2001-10-01, 253
2001-10-02, 250
2001-10-03, 250
2001-10-04, 248
2001-10-05, 248
2001-10-06, 251
2001-10-07, 253
2001-10-08, 249
2001-10-09, 253
2001-10-10, 259
2001-10-11, 322
2001-10-12, 343
2001-10-13, 302
2001-10-14, 326
2001-10-15, 308
2001-10-16, 297
2001-10-17, 294
2001-10-18, 303
2001-10-19, 293
2001-10-20, 290
2001-10-21, 286
2001-10-22, 288
2001-10-23, 427
2001-10-24, 427
2001-10-25, 351
2001-10-26, 337
2001-10-27, 334
2001-10-28, 330
2001-10-29, 360
2001-10-30, 372
2001-10-31, 535
2001-11-01, 612
2001-11-02, 518
2001-11-03, 468
2001-11-04, 441
2001-11-05, 413
2001-11-06, 402
2001-11-07, 390
2001-11-08, 372
2001-11-09, 348
2001-11-10, 356
2001-11-11, 355
2001-11-12, 353
2001-11-13, 350
2001-11-14, 346
2001-11-15, 341
2001-11-16, 336
2001-11-17, 337
2001-11-18, 368
2001-11-19, 343
2001-11-20, 337
2001-11-21, 395
2001-11-22, 470
2001-11-23, 460
2001-11-24, 387
2001-11-25, 377
2001-11-26, 380
2001-11-27, 310
2001-11-28, 235
2001-11-29, 373
2001-11-30, 419
2001-12-01, 381
2001-12-02, 400
2001-12-03, 419
2001-12-04, 389
2001-12-05, 390
2001-12-06, 403
2001-12-07, 395
2001-12-08, 349
2001-12-09, 368
2001-12-10, 390
2001-12-11, 360
2001-12-12, 367
2001-12-13, 408
2001-12-14, 406
2001-12-15, 367
2001-12-16, 364
2001-12-17, 441
2001-12-18, 391
2001-12-19, 406
2001-12-20, 435
2001-12-21, 416
2001-12-22, 319
2001-12-23, 258
2001-12-24, 234
2001-12-25, 212
2001-12-26, 240
2001-12-27, 280
2001-12-28, 320
2001-12-29, 380
2001-12-30, 380
2001-12-31, 380
2002-01-01, 420
2002-01-02, 400
2002-01-03, 420
2002-01-04, 380
2002-01-05, 328
2002-01-06, 386
2002-01-07, 461
2002-01-08, 468
2002-01-09, 465
2002-01-10, 415
2002-01-11, 416
2002-01-12, 440
2002-01-13, 409
2002-01-14, 374
2002-01-15, 398
2002-01-16, 307
2002-01-17, 321
2002-01-18, 340
2002-01-19, 360
2002-01-20, 392
2002-01-21, 406
2002-01-22, 375
2002-01-23, 376
2002-01-24, 379
2002-01-25, 386
2002-01-26, 397
2002-01-27, 392
2002-01-28, 295
2002-01-29, 212
2002-01-30, 301
2002-01-31, 417
2002-02-01, 437
2002-02-02, 402
2002-02-03, 351
2002-02-04, 336
2002-02-05, 324
2002-02-06, 336
2002-02-07, 454
2002-02-08, 425
2002-02-09, 372
2002-02-10, 333
2002-02-11, 380
2002-02-12, 374
2002-02-13, 363
2002-02-14, 394
2002-02-15, 369
2002-02-16, 388
2002-02-17, 436
2002-02-18, 453
2002-02-19, 469
2002-02-20, 476
2002-02-21, 456
2002-02-22, 470
2002-02-23, 537
2002-02-24, 592
2002-02-25, 518
2002-02-26, 451
2002-02-27, 476
2002-02-28, 524
2002-03-01, 460
2002-03-02, 421
2002-03-03, 415
2002-03-04, 450
2002-03-05, 489
2002-03-06, 513
2002-03-07, 567
2002-03-08, 523
2002-03-09, 491
2002-03-10, 536
2002-03-11, 514
2002-03-12, 631
2002-03-13, 739
2002-03-14, 642
2002-03-15, 601
2002-03-16, 593
2002-03-17, 549
2002-03-18, 542
2002-03-19, 533
2002-03-20, 525
2002-03-21, 543
2002-03-22, 647
2002-03-23, 885
2002-03-24, 963
2002-03-25, 1030
2002-03-26, 1130
2002-03-27, 1190
2002-03-28, 1210
2002-03-29, 1210
2002-03-30, 1330
2002-03-31, 1600
2002-04-01, 1850
2002-04-02, 2090
2002-04-03, 1920
2002-04-04, 2040
2002-04-05, 2320
2002-04-06, 2770
2002-04-07, 3110
2002-04-08, 2660
2002-04-09, 2640
2002-04-10, 2620
2002-04-11, 2570
2002-04-12, 2530
2002-04-13, 2980
2002-04-14, 5400
2002-04-15, 7100
2002-04-16, 4420
2002-04-17, 3470
2002-04-18, 2790
2002-04-19, 2400
2002-04-20, 2210
2002-04-21, 2080
2002-04-22, 2010
2002-04-23, 2190
2002-04-24, 2100
2002-04-25, 2110
2002-04-26, 2250
2002-04-27, 2280
2002-04-28, 2290
2002-04-29, 2360
2002-04-30, 2690
2002-05-01, 2940
2002-05-02, 3160
2002-05-03, 3310
2002-05-04, 3220
2002-05-05, 3130
2002-05-06, 2900
2002-05-07, 2730
2002-05-08, 2490
2002-05-09, 2300
2002-05-10, 2140
2002-05-11, 2060
2002-05-12, 2120
2002-05-13, 2390
2002-05-14, 2850
2002-05-15, 3290
2002-05-16, 3240
2002-05-17, 3250
2002-05-18, 3430
2002-05-19, 4230
2002-05-20, 5350
2002-05-21, 4650
2002-05-22, 3800
2002-05-23, 3140
2002-05-24, 2720
2002-05-25, 2480
2002-05-26, 2420
2002-05-27, 2570
2002-05-28, 3030
2002-05-29, 3570
2002-05-30, 4320
2002-05-31, 5300
2002-06-01, 5110
2002-06-02, 4520
2002-06-03, 3870
2002-06-04, 3420
2002-06-05, 3120
2002-06-06, 3160
2002-06-07, 3060
2002-06-08, 2800
2002-06-09, 2460
2002-06-10, 2200
2002-06-11, 1970
2002-06-12, 1820
2002-06-13, 1780
2002-06-14, 1890
2002-06-15, 2130
2002-06-16, 2340
2002-06-17, 2380
2002-06-18, 2350
2002-06-19, 2190
2002-06-20, 1900
2002-06-21, 1770
2002-06-22, 1950
2002-06-23, 1900
2002-06-24, 1740
2002-06-25, 1690
2002-06-26, 1620
2002-06-27, 1520
2002-06-28, 1400
2002-06-29, 1310
2002-06-30, 1200
2002-07-01, 1090
2002-07-02, 999
2002-07-03, 918
2002-07-04, 865
2002-07-05, 822
2002-07-06, 779
2002-07-07, 749
2002-07-08, 721
2002-07-09, 679
2002-07-10, 648
2002-07-11, 620
2002-07-12, 603
2002-07-13, 588
2002-07-14, 581
2002-07-15, 584
2002-07-16, 580
2002-07-17, 576
2002-07-18, 563
2002-07-19, 598
2002-07-20, 593
2002-07-21, 559
2002-07-22, 535
2002-07-23, 530
2002-07-24, 500
2002-07-25, 484
2002-07-26, 474
2002-07-27, 467
2002-07-28, 459
2002-07-29, 453
2002-07-30, 444
2002-07-31, 436
2002-08-01, 427
2002-08-02, 423
2002-08-03, 417
2002-08-04, 423
2002-08-05, 414
2002-08-06, 409
2002-08-07, 402
2002-08-08, 403
2002-08-09, 400
2002-08-10, 392
2002-08-11, 381
2002-08-12, 370
2002-08-13, 363
2002-08-14, 357
2002-08-15, 351
2002-08-16, 346
2002-08-17, 341
2002-08-18, 339
2002-08-19, 339
2002-08-20, 336
2002-08-21, 336
2002-08-22, 347
2002-08-23, 344
2002-08-24, 347
2002-08-25, 343
2002-08-26, 340
2002-08-27, 363
2002-08-28, 375
2002-08-29, 358
2002-08-30, 353
2002-08-31, 356
2002-09-01, 337
2002-09-02, 330
2002-09-03, 325
2002-09-04, 317
2002-09-05, 325
2002-09-06, 329
2002-09-07, 361
2002-09-08, 370
2002-09-09, 345
2002-09-10, 336
2002-09-11, 327
2002-09-12, 320
2002-09-13, 314
2002-09-14, 309
2002-09-15, 306
2002-09-16, 302
2002-09-17, 315
2002-09-18, 364
2002-09-19, 344
2002-09-20, 328
2002-09-21, 321
2002-09-22, 320
2002-09-23, 317
2002-09-24, 314
2002-09-25, 311
2002-09-26, 310
2002-09-27, 312
2002-09-28, 318
2002-09-29, 320
2002-09-30, 328
2002-10-01, 335
2002-10-02, 334
2002-10-03, 333
2002-10-04, 333
2002-10-05, 330
2002-10-06, 326
2002-10-07, 325
2002-10-08, 323
2002-10-09, 322
2002-10-10, 322
2002-10-11, 321
2002-10-12, 320
2002-10-13, 321
2002-10-14, 324
2002-10-15, 325
2002-10-16, 325
2002-10-17, 324
2002-10-18, 322
2002-10-19, 320
2002-10-20, 319
2002-10-21, 318
2002-10-22, 314
2002-10-23, 374
2002-10-24, 367
2002-10-25, 338
2002-10-26, 326
2002-10-27, 321
2002-10-28, 327
2002-10-29, 326
2002-10-30, 346
2002-10-31, 306
2002-11-01, 240
2002-11-02, 237
2002-11-03, 277
2002-11-04, 316
2002-11-05, 338
2002-11-06, 368
2002-11-07, 374
2002-11-08, 443
2002-11-09, 448
2002-11-10, 416
2002-11-11, 382
2002-11-12, 362
2002-11-13, 363
2002-11-14, 366
2002-11-15, 346
2002-11-16, 342
2002-11-17, 350
2002-11-18, 337
2002-11-19, 338
2002-11-20, 341
2002-11-21, 350
2002-11-22, 374
2002-11-23, 382
2002-11-24, 389
2002-11-25, 347
2002-11-26, 291
2002-11-27, 311
2002-11-28, 331
2002-11-29, 338
2002-11-30, 341
2002-12-01, 344
2002-12-02, 326
2002-12-03, 314
2002-12-04, 331
2002-12-05, 354
2002-12-06, 325
2002-12-07, 296
2002-12-08, 225
2002-12-09, 219
2002-12-10, 324
2002-12-11, 375
2002-12-12, 385
2002-12-13, 370
2002-12-14, 421
2002-12-15, 481
2002-12-16, 439
2002-12-17, 416
2002-12-18, 351
2002-12-19, 321
2002-12-20, 332
2002-12-21, 376
2002-12-22, 365
2002-12-23, 326
2002-12-24, 264
2002-12-25, 260
2002-12-26, 280
2002-12-27, 380
2002-12-28, 478
2002-12-29, 509
2002-12-30, 432
2002-12-31, 438
2003-01-01, 409
2003-01-02, 387
2003-01-03, 398
2003-01-04, 412
2003-01-05, 426
2003-01-06, 387
2003-01-07, 331
2003-01-08, 312
2003-01-09, 319
2003-01-10, 380
2003-01-11, 420
2003-01-12, 435
2003-01-13, 429
2003-01-14, 495
2003-01-15, 573
2003-01-16, 486
2003-01-17, 448
2003-01-18, 393
2003-01-19, 373
2003-01-20, 394
2003-01-21, 440
2003-01-22, 457
2003-01-23, 519
2003-01-24, 545
2003-01-25, 503
2003-01-26, 500
2003-01-27, 1090
2003-01-28, 1460
2003-01-29, 929
2003-01-30, 944
2003-01-31, 1630
2003-02-01, 1760
2003-02-02, 1500
2003-02-03, 1140
2003-02-04, 944
2003-02-05, 714
2003-02-06, 652
2003-02-07, 577
2003-02-08, 624
2003-02-09, 564
2003-02-10, 577
2003-02-11, 527
2003-02-12, 507
2003-02-13, 550
2003-02-14, 578
2003-02-15, 538
2003-02-16, 549
2003-02-17, 555
2003-02-18, 525
2003-02-19, 496
2003-02-20, 504
2003-02-21, 497
2003-02-22, 500
2003-02-23, 481
2003-02-24, 422
2003-02-25, 408
2003-02-26, 442
2003-02-27, 474
2003-02-28, 455
2003-03-01, 457
2003-03-02, 427
2003-03-03, 457
2003-03-04, 432
2003-03-05, 425
2003-03-06, 443
2003-03-07, 447
2003-03-08, 433
2003-03-09, 455
2003-03-10, 489
2003-03-11, 538
2003-03-12, 548
2003-03-13, 644
2003-03-14, 910
2003-03-15, 1230
2003-03-16, 1360
2003-03-17, 1250
2003-03-18, 1130
2003-03-19, 1070
2003-03-20, 1110
2003-03-21, 1040
2003-03-22, 1050
2003-03-23, 2020
2003-03-24, 1830
2003-03-25, 1620
2003-03-26, 1680
2003-03-27, 1580
2003-03-28, 1370
2003-03-29, 1270
2003-03-30, 1230
2003-03-31, 1270
2003-04-01, 1490
2003-04-02, 1620
2003-04-03, 1480
2003-04-04, 1350
2003-04-05, 1260
2003-04-06, 1180
2003-04-07, 1070
2003-04-08, 1040
2003-04-09, 1150
2003-04-10, 1490
2003-04-11, 2020
2003-04-12, 2610
2003-04-13, 2650
2003-04-14, 2630
2003-04-15, 2330
2003-04-16, 2110
2003-04-17, 1950
2003-04-18, 1890
2003-04-19, 1800
2003-04-20, 1910
2003-04-21, 2100
2003-04-22, 2360
2003-04-23, 2700
2003-04-24, 2630
2003-04-25, 2870
2003-04-26, 2640
2003-04-27, 2350
2003-04-28, 2160
2003-04-29, 2060
2003-04-30, 2050
2003-05-01, 2020
2003-05-02, 2040
2003-05-03, 2210
2003-05-04, 2710
2003-05-05, 2870
2003-05-06, 2690
2003-05-07, 2480
2003-05-08, 2330
2003-05-09, 2220
2003-05-10, 2090
2003-05-11, 2130
2003-05-12, 2140
2003-05-13, 2270
2003-05-14, 2460
2003-05-15, 2950
2003-05-16, 3540
2003-05-17, 3460
2003-05-18, 3230
2003-05-19, 2860
2003-05-20, 2720
2003-05-21, 2780
2003-05-22, 3280
2003-05-23, 4270
2003-05-24, 5790
2003-05-25, 6550
2003-05-26, 6650
2003-05-27, 6410
2003-05-28, 6700
2003-05-29, 8030
2003-05-30, 8510
2003-05-31, 7800
2003-06-01, 6190
2003-06-02, 5340
2003-06-03, 5000
2003-06-04, 4570
2003-06-05, 4250
2003-06-06, 4190
2003-06-07, 4310
2003-06-08, 4300
2003-06-09, 4410
2003-06-10, 4200
2003-06-11, 3800
2003-06-12, 3460
2003-06-13, 3190
2003-06-14, 3130
2003-06-15, 3170
2003-06-16, 2840
2003-06-17, 2960
2003-06-18, 3100
2003-06-19, 3030
2003-06-20, 2920
2003-06-21, 2550
2003-06-22, 2130
2003-06-23, 1870
2003-06-24, 1700
2003-06-25, 1580
2003-06-26, 1550
2003-06-27, 1580
2003-06-28, 1640
2003-06-29, 1630
2003-06-30, 1620
2003-07-01, 1530
2003-07-02, 1430
2003-07-03, 1330
2003-07-04, 1240
2003-07-05, 1160
2003-07-06, 1100
2003-07-07, 1040
2003-07-08, 982
2003-07-09, 934
2003-07-10, 866
2003-07-11, 811
2003-07-12, 774
2003-07-13, 740
2003-07-14, 713
2003-07-15, 683
2003-07-16, 650
2003-07-17, 628
2003-07-18, 621
2003-07-19, 601
2003-07-20, 590
2003-07-21, 570
2003-07-22, 554
2003-07-23, 544
2003-07-24, 540
2003-07-25, 546
2003-07-26, 548
2003-07-27, 593
2003-07-28, 548
2003-07-29, 514
2003-07-30, 490
2003-07-31, 472
2003-08-01, 460
2003-08-02, 458
2003-08-03, 485
2003-08-04, 538
2003-08-05, 497
2003-08-06, 468
2003-08-07, 452
2003-08-08, 440
2003-08-09, 430
2003-08-10, 417
2003-08-11, 408
2003-08-12, 402
2003-08-13, 400
2003-08-14, 394
2003-08-15, 384
2003-08-16, 395
2003-08-17, 381
2003-08-18, 378
2003-08-19, 373
2003-08-20, 365
2003-08-21, 360
2003-08-22, 399
2003-08-23, 582
2003-08-24, 446
2003-08-25, 405
2003-08-26, 388
2003-08-27, 392
2003-08-28, 388
2003-08-29, 376
2003-08-30, 376
2003-08-31, 366
2003-09-01, 360
2003-09-02, 355
2003-09-03, 349
2003-09-04, 343
2003-09-05, 342
2003-09-06, 344
2003-09-07, 362
2003-09-08, 371
2003-09-09, 385
2003-09-10, 385
2003-09-11, 378
2003-09-12, 367
2003-09-13, 353
2003-09-14, 354
2003-09-15, 351
2003-09-16, 354
2003-09-17, 350
2003-09-18, 356
2003-09-19, 355
2003-09-20, 348
2003-09-21, 342
2003-09-22, 338
2003-09-23, 334
2003-09-24, 329
2003-09-25, 327
2003-09-26, 325
2003-09-27, 324
2003-09-28, 323
2003-09-29, 322
2003-09-30, 320
2003-10-01, 313
2003-10-02, 316
2003-10-03, 339
2003-10-04, 327
2003-10-05, 320
2003-10-06, 318
2003-10-07, 318
2003-10-08, 316
2003-10-09, 314
2003-10-10, 314
2003-10-11, 320
2003-10-12, 325
2003-10-13, 328
2003-10-14, 326
2003-10-15, 324
2003-10-16, 378
2003-10-17, 359
2003-10-18, 342
2003-10-19, 327
2003-10-20, 321
2003-10-21, 319
2003-10-22, 317
2003-10-23, 315
2003-10-24, 312
2003-10-25, 314
2003-10-26, 316
2003-10-27, 318
2003-10-28, 318
2003-10-29, 320
2003-10-30, 326
2003-10-31, 319
2003-11-01, 296
2003-11-02, 277
2003-11-03, 345
2003-11-04, 329
2003-11-05, 263
2003-11-06, 273
2003-11-07, 270
2003-11-08, 331
2003-11-09, 366
2003-11-10, 365
2003-11-11, 371
2003-11-12, 348
2003-11-13, 312
2003-11-14, 308
2003-11-15, 328
2003-11-16, 356
2003-11-17, 377
2003-11-18, 349
2003-11-19, 343
2003-11-20, 352
2003-11-21, 320
2003-11-22, 252
2003-11-23, 183
2003-11-24, 310
2003-11-25, 323
2003-11-26, 356
2003-11-27, 327
2003-11-28, 312
2003-11-29, 369
2003-11-30, 392
2003-12-01, 375
2003-12-02, 361
2003-12-03, 351
2003-12-04, 345
2003-12-05, 336
2003-12-06, 423
2003-12-07, 596
2003-12-08, 461
2003-12-09, 373
2003-12-10, 378
2003-12-11, 373
2003-12-12, 347
2003-12-13, 384
2003-12-14, 406
2003-12-15, 381
2003-12-16, 294
2003-12-17, 343
2003-12-18, 310
2003-12-19, 275
2003-12-20, 360
2003-12-21, 418
2003-12-22, 338
2003-12-23, 254
2003-12-24, 382
2003-12-25, 387
2003-12-26, 335
2003-12-27, 289
2003-12-28, 266
2003-12-29, 326
2003-12-30, 353
2003-12-31, 365
2004-01-01, 380
2004-01-02, 356
2004-01-03, 341
2004-01-04, 300
2004-01-05, 280
2004-01-06, 290
2004-01-07, 380
2004-01-08, 420
2004-01-09, 400
2004-01-10, 376
2004-01-11, 350
2004-01-12, 330
2004-01-13, 320
2004-01-14, 320
2004-01-15, 300
2004-01-16, 320
2004-01-17, 320
2004-01-18, 300
2004-01-19, 330
2004-01-20, 330
2004-01-21, 290
2004-01-22, 290
2004-01-23, 300
2004-01-24, 340
2004-01-25, 350
2004-01-26, 366
2004-01-27, 363
2004-01-28, 366
2004-01-29, 377
2004-01-30, 388
2004-01-31, 380
2004-02-01, 359
2004-02-02, 330
2004-02-03, 371
2004-02-04, 376
2004-02-05, 358
2004-02-06, 318
2004-02-07, 366
2004-02-08, 367
2004-02-09, 328
2004-02-10, 293
2004-02-11, 325
2004-02-12, 281
2004-02-13, 277
2004-02-14, 357
2004-02-15, 389
2004-02-16, 374
2004-02-17, 413
2004-02-18, 489
2004-02-19, 584
2004-02-20, 559
2004-02-21, 523
2004-02-22, 514
2004-02-23, 534
2004-02-24, 548
2004-02-25, 533
2004-02-26, 545
2004-02-27, 529
2004-02-28, 528
2004-02-29, 536
2004-03-01, 542
2004-03-02, 542
2004-03-03, 514
2004-03-04, 514
2004-03-05, 491
2004-03-06, 491
2004-03-07, 464
2004-03-08, 482
2004-03-09, 593
2004-03-10, 838
2004-03-11, 1010
2004-03-12, 1090
2004-03-13, 1220
2004-03-14, 1240
2004-03-15, 1130
2004-03-16, 1130
2004-03-17, 1230
2004-03-18, 1420
2004-03-19, 1560
2004-03-20, 1600
2004-03-21, 1630
2004-03-22, 1920
2004-03-23, 2210
2004-03-24, 2500
2004-03-25, 2190
2004-03-26, 2200
2004-03-27, 1870
2004-03-28, 1580
2004-03-29, 1430
2004-03-30, 1480
2004-03-31, 1730
2004-04-01, 1750
2004-04-02, 1670
2004-04-03, 1830
2004-04-04, 2320
2004-04-05, 2700
2004-04-06, 2990
2004-04-07, 3090
2004-04-08, 3040
2004-04-09, 2970
2004-04-10, 2660
2004-04-11, 2430
2004-04-12, 2330
2004-04-13, 2370
2004-04-14, 2450
2004-04-15, 2250
2004-04-16, 2010
2004-04-17, 1840
2004-04-18, 1680
2004-04-19, 1560
2004-04-20, 1500
2004-04-21, 1420
2004-04-22, 1350
2004-04-23, 1300
2004-04-24, 1310
2004-04-25, 1350
2004-04-26, 1440
2004-04-27, 1670
2004-04-28, 2010
2004-04-29, 1940
2004-04-30, 1820
2004-05-01, 1840
2004-05-02, 2050
2004-05-03, 2430
2004-05-04, 2910
2004-05-05, 3400
2004-05-06, 3410
2004-05-07, 3180
2004-05-08, 3010
2004-05-09, 2780
2004-05-10, 2560
2004-05-11, 2510
2004-05-12, 2160
2004-05-13, 1940
2004-05-14, 1760
2004-05-15, 1640
2004-05-16, 1750
2004-05-17, 1700
2004-05-18, 1900
2004-05-19, 2090
2004-05-20, 2020
2004-05-21, 2060
2004-05-22, 2160
2004-05-23, 2130
2004-05-24, 2030
2004-05-25, 1920
2004-05-26, 1840
2004-05-27, 1940
2004-05-28, 2950
2004-05-29, 3320
2004-05-30, 2950
2004-05-31, 2680
2004-06-01, 2500
2004-06-02, 2500
2004-06-03, 2660
2004-06-04, 3110
2004-06-05, 3430
2004-06-06, 3510
2004-06-07, 2930
2004-06-08, 2560
2004-06-09, 2490
2004-06-10, 2360
2004-06-11, 2190
2004-06-12, 1980
2004-06-13, 1880
2004-06-14, 1890
2004-06-15, 1920
2004-06-16, 1890
2004-06-17, 1820
2004-06-18, 1750
2004-06-19, 1720
2004-06-20, 1710
2004-06-21, 1630
2004-06-22, 1590
2004-06-23, 1600
2004-06-24, 1580
2004-06-25, 1580
2004-06-26, 1550
2004-06-27, 1540
2004-06-28, 1480
2004-06-29, 1430
2004-06-30, 1460
2004-07-01, 1400
2004-07-02, 1280
2004-07-03, 1160
2004-07-04, 1090
2004-07-05, 1010
2004-07-06, 944
2004-07-07, 895
2004-07-08, 847
2004-07-09, 804
2004-07-10, 776
2004-07-11, 731
2004-07-12, 700
2004-07-13, 670
2004-07-14, 638
2004-07-15, 619
2004-07-16, 648
2004-07-17, 617
2004-07-18, 635
2004-07-19, 696
2004-07-20, 693
2004-07-21, 632
2004-07-22, 595
2004-07-23, 574
2004-07-24, 559
2004-07-25, 547
2004-07-26, 547
2004-07-27, 535
2004-07-28, 514
2004-07-29, 498
2004-07-30, 486
2004-07-31, 475
2004-08-01, 463
2004-08-02, 454
2004-08-03, 468
2004-08-04, 452
2004-08-05, 439
2004-08-06, 427
2004-08-07, 424
2004-08-08, 419
2004-08-09, 413
2004-08-10, 402
2004-08-11, 394
2004-08-12, 388
2004-08-13, 380
2004-08-14, 373
2004-08-15, 379
2004-08-16, 399
2004-08-17, 452
2004-08-18, 514
2004-08-19, 454
2004-08-20, 422
2004-08-21, 408
2004-08-22, 411
2004-08-23, 478
2004-08-24, 493
2004-08-25, 498
2004-08-26, 539
2004-08-27, 486
2004-08-28, 451
2004-08-29, 427
2004-08-30, 412
2004-08-31, 399
2004-09-01, 382
2004-09-02, 373
2004-09-03, 375
2004-09-04, 375
2004-09-05, 374
2004-09-06, 368
2004-09-07, 363
2004-09-08, 359
2004-09-09, 349
2004-09-10, 348
2004-09-11, 340
2004-09-12, 357
2004-09-13, 470
2004-09-14, 475
2004-09-15, 456
2004-09-16, 472
2004-09-17, 441
2004-09-18, 419
2004-09-19, 520
2004-09-20, 489
2004-09-21, 466
2004-09-22, 449
2004-09-23, 438
2004-09-24, 428
2004-09-25, 417
2004-09-26, 408
2004-09-27, 401
2004-09-28, 396
2004-09-29, 392
2004-09-30, 402
2004-10-01, 393
2004-10-02, 388
2004-10-03, 383
2004-10-04, 379
2004-10-05, 376
2004-10-06, 372
2004-10-07, 372
2004-10-08, 368
2004-10-09, 366
2004-10-10, 366
2004-10-11, 369
2004-10-12, 366
2004-10-13, 361
2004-10-14, 362
2004-10-15, 362
2004-10-16, 361
2004-10-17, 364
2004-10-18, 467
2004-10-19, 447
2004-10-20, 439
2004-10-21, 424
2004-10-22, 405
2004-10-23, 426
2004-10-24, 452
2004-10-25, 411
2004-10-26, 403
2004-10-27, 414
2004-10-28, 455
2004-10-29, 520
2004-10-30, 481
2004-10-31, 470
2004-11-01, 418
2004-11-02, 431
2004-11-03, 464
2004-11-04, 464
2004-11-05, 447
2004-11-06, 444
2004-11-07, 436
2004-11-08, 432
2004-11-09, 443
2004-11-10, 441
2004-11-11, 450
2004-11-12, 454
2004-11-13, 441
2004-11-14, 428
2004-11-15, 416
2004-11-16, 412
2004-11-17, 408
2004-11-18, 395
2004-11-19, 389
2004-11-20, 353
2004-11-21, 307
2004-11-22, 325
2004-11-23, 401
2004-11-24, 395
2004-11-25, 412
2004-11-26, 406
2004-11-27, 364
2004-11-28, 326
2004-11-29, 222
2004-11-30, 215
2004-12-01, 260
2004-12-02, 240
2004-12-03, 280
2004-12-04, 315
2004-12-05, 292
2004-12-06, 373
2004-12-07, 409
2004-12-08, 427
2004-12-09, 437
2004-12-10, 469
2004-12-11, 520
2004-12-12, 484
2004-12-13, 475
2004-12-14, 465
2004-12-15, 454
2004-12-16, 417
2004-12-17, 388
2004-12-18, 395
2004-12-19, 365
2004-12-20, 395
2004-12-21, 350
2004-12-22, 314
2004-12-23, 305
2004-12-24, 268
2004-12-25, 365
2004-12-26, 402
2004-12-27, 413
2004-12-28, 371
2004-12-29, 413
2004-12-30, 414
2004-12-31, 386
2005-01-01, 373
2005-01-02, 341
2005-01-03, 314
2005-01-04, 260
2005-01-05, 240
2005-01-06, 320
2005-01-07, 360
2005-01-08, 380
2005-01-09, 382
2005-01-10, 342
2005-01-11, 322
2005-01-12, 308
2005-01-13, 340
2005-01-14, 290
2005-01-15, 240
2005-01-16, 320
2005-01-17, 400
2005-01-18, 402
2005-01-19, 425
2005-01-20, 417
2005-01-21, 409
2005-01-22, 411
2005-01-23, 413
2005-01-24, 413
2005-01-25, 429
2005-01-26, 452
2005-01-27, 453
2005-01-28, 452
2005-01-29, 463
2005-01-30, 446
2005-01-31, 422
2005-02-01, 407
2005-02-02, 391
2005-02-03, 406
2005-02-04, 410
2005-02-05, 428
2005-02-06, 374
2005-02-07, 413
2005-02-08, 367
2005-02-09, 338
2005-02-10, 353
2005-02-11, 341
2005-02-12, 428
2005-02-13, 419
2005-02-14, 396
2005-02-15, 300
2005-02-16, 260
2005-02-17, 301
2005-02-18, 363
2005-02-19, 447
2005-02-20, 418
2005-02-21, 398
2005-02-22, 379
2005-02-23, 372
2005-02-24, 380
2005-02-25, 396
2005-02-26, 412
2005-02-27, 428
2005-02-28, 451
2005-03-01, 450
2005-03-02, 446
2005-03-03, 450
2005-03-04, 450
2005-03-05, 454
2005-03-06, 481
2005-03-07, 503
2005-03-08, 545
2005-03-09, 600
2005-03-10, 666
2005-03-11, 713
2005-03-12, 749
2005-03-13, 738
2005-03-14, 652
2005-03-15, 627
2005-03-16, 592
2005-03-17, 567
2005-03-18, 519
2005-03-19, 529
2005-03-20, 597
2005-03-21, 609
2005-03-22, 576
2005-03-23, 608
2005-03-24, 649
2005-03-25, 596
2005-03-26, 535
2005-03-27, 594
2005-03-28, 921
2005-03-29, 1050
2005-03-30, 921
2005-03-31, 786
2005-04-01, 817
2005-04-02, 818
2005-04-03, 894
2005-04-04, 934
2005-04-05, 883
2005-04-06, 859
2005-04-07, 1120
2005-04-08, 1400
2005-04-09, 1300
2005-04-10, 1170
2005-04-11, 1150
2005-04-12, 1130
2005-04-13, 1220
2005-04-14, 1210
2005-04-15, 1110
2005-04-16, 1100
2005-04-17, 1260
2005-04-18, 1320
2005-04-19, 1250
2005-04-20, 1220
2005-04-21, 1280
2005-04-22, 1270
2005-04-23, 1410
2005-04-24, 1600
2005-04-25, 1630
2005-04-26, 1970
2005-04-27, 2220
2005-04-28, 2310
2005-04-29, 2170
2005-04-30, 1960
2005-05-01, 1790
2005-05-02, 1710
2005-05-03, 1720
2005-05-04, 1780
2005-05-05, 1800
2005-05-06, 2300
2005-05-07, 2580
2005-05-08, 2560
2005-05-09, 2690
2005-05-10, 2710
2005-05-11, 2470
2005-05-12, 2270
2005-05-13, 2130
2005-05-14, 2080
2005-05-15, 2290
2005-05-16, 3350
2005-05-17, 4420
2005-05-18, 3920
2005-05-19, 5690
2005-05-20, 6140
2005-05-21, 5020
2005-05-22, 4290
2005-05-23, 4220
2005-05-24, 3820
2005-05-25, 3530
2005-05-26, 3260
2005-05-27, 3280
2005-05-28, 3450
2005-05-29, 3650
2005-05-30, 3280
2005-05-31, 3040
2005-06-01, 3500
2005-06-02, 2930
2005-06-03, 2500
2005-06-04, 2270
2005-06-05, 2240
2005-06-06, 2220
2005-06-07, 2030
2005-06-08, 1900
2005-06-09, 1760
2005-06-10, 1640
2005-06-11, 1590
2005-06-12, 1640
2005-06-13, 1530
2005-06-14, 1530
2005-06-15, 1650
2005-06-16, 1810
2005-06-17, 1930
2005-06-18, 1780
2005-06-19, 1590
2005-06-20, 1520
2005-06-21, 1620
2005-06-22, 1700
2005-06-23, 1650
2005-06-24, 1530
2005-06-25, 1440
2005-06-26, 1400
2005-06-27, 1380
2005-06-28, 1480
2005-06-29, 1370
2005-06-30, 1240
2005-07-01, 1160
2005-07-02, 1110
2005-07-03, 1050
2005-07-04, 998
2005-07-05, 943
2005-07-06, 900
2005-07-07, 865
2005-07-08, 834
2005-07-09, 808
2005-07-10, 828
2005-07-11, 798
2005-07-12, 734
2005-07-13, 691
2005-07-14, 659
2005-07-15, 635
2005-07-16, 600
2005-07-17, 574
2005-07-18, 560
2005-07-19, 538
2005-07-20, 517
2005-07-21, 497
2005-07-22, 487
2005-07-23, 474
2005-07-24, 458
2005-07-25, 448
2005-07-26, 441
2005-07-27, 435
2005-07-28, 426
2005-07-29, 423
2005-07-30, 422
2005-07-31, 445
2005-08-01, 423
2005-08-02, 417
2005-08-03, 402
2005-08-04, 393
2005-08-05, 383
2005-08-06, 375
2005-08-07, 371
2005-08-08, 368
2005-08-09, 368
2005-08-10, 364
2005-08-11, 351
2005-08-12, 348
2005-08-13, 346
2005-08-14, 347
2005-08-15, 344
2005-08-16, 338
2005-08-17, 341
2005-08-18, 339
2005-08-19, 335
2005-08-20, 330
2005-08-21, 323
2005-08-22, 323
2005-08-23, 321
2005-08-24, 317
2005-08-25, 317
2005-08-26, 315
2005-08-27, 311
2005-08-28, 306
2005-08-29, 303
2005-08-30, 301
2005-08-31, 307
2005-09-01, 308
2005-09-02, 303
2005-09-03, 300
2005-09-04, 293
2005-09-05, 295
2005-09-06, 297
2005-09-07, 294
2005-09-08, 292
2005-09-09, 290
2005-09-10, 304
2005-09-11, 320
2005-09-12, 318
2005-09-13, 319
2005-09-14, 315
2005-09-15, 311
2005-09-16, 307
2005-09-17, 327
2005-09-18, 343
2005-09-19, 327
2005-09-20, 317
2005-09-21, 310
2005-09-22, 309
2005-09-23, 307
2005-09-24, 324
2005-09-25, 343
2005-09-26, 328
2005-09-27, 320
2005-09-28, 313
2005-09-29, 311
2005-09-30, 310
2005-10-01, 308
2005-10-02, 329
2005-10-03, 336
2005-10-04, 341
2005-10-05, 329
2005-10-06, 327
2005-10-07, 326
2005-10-08, 336
2005-10-09, 343
2005-10-10, 333
2005-10-11, 331
2005-10-12, 337
2005-10-13, 331
2005-10-14, 326
2005-10-15, 323
2005-10-16, 320
2005-10-17, 320
2005-10-18, 320
2005-10-19, 320
2005-10-20, 319
2005-10-21, 319
2005-10-22, 319
2005-10-23, 319
2005-10-24, 318
2005-10-25, 315
2005-10-26, 314
2005-10-27, 348
2005-10-28, 409
2005-10-29, 365
2005-10-30, 349
2005-10-31, 339
2005-11-01, 342
2005-11-02, 343
2005-11-03, 361
2005-11-04, 389
2005-11-05, 384
2005-11-06, 453
2005-11-07, 491
2005-11-08, 544
2005-11-09, 457
2005-11-10, 413
2005-11-11, 426
2005-11-12, 423
2005-11-13, 406
2005-11-14, 455
2005-11-15, 382
2005-11-16, 385
2005-11-17, 405
2005-11-18, 372
2005-11-19, 372
2005-11-20, 369
2005-11-21, 365
2005-11-22, 365
2005-11-23, 359
2005-11-24, 352
2005-11-25, 397
2005-11-26, 464
2005-11-27, 380
2005-11-28, 315
2005-11-29, 353
2005-11-30, 410
2005-12-01, 397
2005-12-02, 473
2005-12-03, 451
2005-12-04, 400
2005-12-05, 340
2005-12-06, 360
2005-12-07, 300
2005-12-08, 240
2005-12-09, 260
2005-12-10, 280
2005-12-11, 280
2005-12-12, 300
2005-12-13, 320
2005-12-14, 320
2005-12-15, 320
2005-12-16, 320
2005-12-17, 320
2005-12-18, 310
2005-12-19, 340
2005-12-20, 440
2005-12-21, 556
2005-12-22, 1450
2005-12-23, 1920
2005-12-24, 1170
2005-12-25, 930
2005-12-26, 964
2005-12-27, 1080
2005-12-28, 1170
2005-12-29, 2000
2005-12-30, 1430
2005-12-31, 1490
2006-01-01, 1800
2006-01-02, 1440
2006-01-03, 1190
2006-01-04, 1040
2006-01-05, 881
2006-01-06, 843
2006-01-07, 806
2006-01-08, 765
2006-01-09, 638
2006-01-10, 709
2006-01-11, 770
2006-01-12, 766
2006-01-13, 723
2006-01-14, 730
2006-01-15, 760
2006-01-16, 616
2006-01-17, 727
2006-01-18, 717
2006-01-19, 681
2006-01-20, 657
2006-01-21, 637
2006-01-22, 542
2006-01-23, 577
2006-01-24, 545
2006-01-25, 520
2006-01-26, 572
2006-01-27, 613
2006-01-28, 583
2006-01-29, 562
2006-01-30, 609
2006-01-31, 644
2006-02-01, 630
2006-02-02, 597
2006-02-03, 594
2006-02-04, 592
2006-02-05, 584
2006-02-06, 500
2006-02-07, 500
2006-02-08, 520
2006-02-09, 540
2006-02-10, 500
2006-02-11, 480
2006-02-12, 500
2006-02-13, 500
2006-02-14, 500
2006-02-15, 480
2006-02-16, 460
2006-02-17, 440
2006-02-18, 440
2006-02-19, 440
2006-02-20, 460
2006-02-21, 500
2006-02-22, 560
2006-02-23, 554
2006-02-24, 556
2006-02-25, 528
2006-02-26, 539
2006-02-27, 632
2006-02-28, 1210
2006-03-01, 1570
2006-03-02, 1370
2006-03-03, 1300
2006-03-04, 1260
2006-03-05, 1140
2006-03-06, 1090
2006-03-07, 1060
2006-03-08, 1010
2006-03-09, 998
2006-03-10, 918
2006-03-11, 903
2006-03-12, 814
2006-03-13, 822
2006-03-14, 810
2006-03-15, 776
2006-03-16, 743
2006-03-17, 747
2006-03-18, 736
2006-03-19, 740
2006-03-20, 778
2006-03-21, 797
2006-03-22, 788
2006-03-23, 804
2006-03-24, 855
2006-03-25, 989
2006-03-26, 1280
2006-03-27, 1210
2006-03-28, 1260
2006-03-29, 1380
2006-03-30, 1480
2006-03-31, 1640
2006-04-01, 1760
2006-04-02, 1610
2006-04-03, 1510
2006-04-04, 2000
2006-04-05, 4100
2006-04-06, 4230
2006-04-07, 3490
2006-04-08, 3490
2006-04-09, 3370
2006-04-10, 3120
2006-04-11, 2940
2006-04-12, 2810
2006-04-13, 3070
2006-04-14, 3850
2006-04-15, 4460
2006-04-16, 4610
2006-04-17, 3970
2006-04-18, 3310
2006-04-19, 2960
2006-04-20, 2920
2006-04-21, 3240
2006-04-22, 3810
2006-04-23, 4970
2006-04-24, 5840
2006-04-25, 4930
2006-04-26, 4360
2006-04-27, 4470
2006-04-28, 5080
2006-04-29, 5720
2006-04-30, 7250
2006-05-01, 7260
2006-05-02, 6570
2006-05-03, 5550
2006-05-04, 4940
2006-05-05, 4510
2006-05-06, 4570
2006-05-07, 4560
2006-05-08, 4360
2006-05-09, 4220
2006-05-10, 3990
2006-05-11, 4040
2006-05-12, 4550
2006-05-13, 5130
2006-05-14, 5520
2006-05-15, 6370
2006-05-16, 7490
2006-05-17, 8450
2006-05-18, 9090
2006-05-19, 9520
2006-05-20, 10400
2006-05-21, 9910
2006-05-22, 8110
2006-05-23, 7540
2006-05-24, 6290
2006-05-25, 5690
2006-05-26, 5450
2006-05-27, 4630
2006-05-28, 3930
2006-05-29, 3440
2006-05-30, 3050
2006-05-31, 2760
2006-06-01, 2710
2006-06-02, 3250
2006-06-03, 4310
2006-06-04, 4510
2006-06-05, 4730
2006-06-06, 4670
2006-06-07, 5110
2006-06-08, 5430
2006-06-09, 5000
2006-06-10, 4090
2006-06-11, 3620
2006-06-12, 3590
2006-06-13, 3940
2006-06-14, 4150
2006-06-15, 3360
2006-06-16, 2870
2006-06-17, 2800
2006-06-18, 2820
2006-06-19, 2710
2006-06-20, 2670
2006-06-21, 2500
2006-06-22, 2370
2006-06-23, 2280
2006-06-24, 2250
2006-06-25, 2210
2006-06-26, 2220
2006-06-27, 2200
2006-06-28, 2090
2006-06-29, 2040
2006-06-30, 1920
2006-07-01, 1790
2006-07-02, 1680
2006-07-03, 1630
2006-07-04, 1510
2006-07-05, 1430
2006-07-06, 1370
2006-07-07, 1300
2006-07-08, 1170
2006-07-09, 1070
2006-07-10, 1020
2006-07-11, 973
2006-07-12, 943
2006-07-13, 924
2006-07-14, 869
2006-07-15, 827
2006-07-16, 794
2006-07-17, 767
2006-07-18, 738
2006-07-19, 712
2006-07-20, 688
2006-07-21, 660
2006-07-22, 639
2006-07-23, 622
2006-07-24, 602
2006-07-25, 589
2006-07-26, 575
2006-07-27, 555
2006-07-28, 540
2006-07-29, 525
2006-07-30, 513
2006-07-31, 508
2006-08-01, 502
2006-08-02, 494
2006-08-03, 486
2006-08-04, 475
2006-08-05, 469
2006-08-06, 456
2006-08-07, 450
2006-08-08, 438
2006-08-09, 432
2006-08-10, 433
2006-08-11, 423
2006-08-12, 423
2006-08-13, 420
2006-08-14, 415
2006-08-15, 406
2006-08-16, 403
2006-08-17, 399
2006-08-18, 400
2006-08-19, 396
2006-08-20, 387
2006-08-21, 380
2006-08-22, 375
2006-08-23, 368
2006-08-24, 366
2006-08-25, 375
2006-08-26, 377
2006-08-27, 376
2006-08-28, 368
2006-08-29, 360
2006-08-30, 354
2006-08-31, 359
2006-09-01, 362
2006-09-02, 361
2006-09-03, 355
2006-09-04, 351
2006-09-05, 348
2006-09-06, 352
2006-09-07, 359
2006-09-08, 373
2006-09-09, 376
2006-09-10, 371
2006-09-11, 358
2006-09-12, 350
2006-09-13, 344
2006-09-14, 343
2006-09-15, 356
2006-09-16, 364
2006-09-17, 379
2006-09-18, 373
2006-09-19, 370
2006-09-20, 398
2006-09-21, 409
2006-09-22, 427
2006-09-23, 394
2006-09-24, 382
2006-09-25, 374
2006-09-26, 367
2006-09-27, 363
2006-09-28, 359
2006-09-29, 356
2006-09-30, 354
2006-10-01, 351
2006-10-02, 350
2006-10-03, 354
2006-10-04, 363
2006-10-05, 391
2006-10-06, 380
2006-10-07, 419
2006-10-08, 424
2006-10-09, 395
2006-10-10, 391
2006-10-11, 377
2006-10-12, 371
2006-10-13, 368
2006-10-14, 365
2006-10-15, 364
2006-10-16, 415
2006-10-17, 405
2006-10-18, 381
2006-10-19, 375
2006-10-20, 399
2006-10-21, 389
2006-10-22, 376
2006-10-23, 371
2006-10-24, 369
2006-10-25, 374
2006-10-26, 367
2006-10-27, 363
2006-10-28, 361
2006-10-29, 358
2006-10-30, 355
2006-10-31, 316
2006-11-01, 294
2006-11-02, 337
2006-11-03, 447
2006-11-04, 464
2006-11-05, 524
2006-11-06, 707
2006-11-07, 743
2006-11-08, 1120
2006-11-09, 1130
2006-11-10, 816
2006-11-11, 742
2006-11-12, 645
2006-11-13, 647
2006-11-14, 669
2006-11-15, 541
2006-11-16, 632
2006-11-17, 658
2006-11-18, 585
2006-11-19, 552
2006-11-20, 553
2006-11-21, 921
2006-11-22, 1210
2006-11-23, 898
2006-11-24, 733
2006-11-25, 694
2006-11-26, 630
2006-11-27, 629
2006-11-28, 548
2006-11-29, 393
2006-11-30, 385
2006-12-01, 516
2006-12-02, 440
2006-12-03, 376
2006-12-04, 360
2006-12-05, 380
2006-12-06, 420
2006-12-07, 450
2006-12-08, 440
2006-12-09, 489
2006-12-10, 530
2006-12-11, 514
2006-12-12, 500
2006-12-13, 588
2006-12-14, 768
2006-12-15, 965
2006-12-16, 843
2006-12-17, 523
2006-12-18, 400
2006-12-19, 410
2006-12-20, 420
2006-12-21, 527
2006-12-22, 647
2006-12-23, 559
2006-12-24, 521
2006-12-25, 542
2006-12-26, 614
2006-12-27, 646
2006-12-28, 586
2006-12-29, 442
2006-12-30, 396
2006-12-31, 486
2007-01-01, 488
2007-01-02, 517
2007-01-03, 540
2007-01-04, 545
2007-01-05, 482
2007-01-06, 439
2007-01-07, 397
2007-01-08, 501
2007-01-09, 479
2007-01-10, 462
2007-01-11, 416
2007-01-12, 283
2007-01-13, 252
2007-01-14, 280
2007-01-15, 320
2007-01-16, 340
2007-01-17, 360
2007-01-18, 360
2007-01-19, 370
2007-01-20, 380
2007-01-21, 380
2007-01-22, 390
2007-01-23, 420
2007-01-24, 420
2007-01-25, 420
2007-01-26, 400
2007-01-27, 400
2007-01-28, 400
2007-01-29, 400
2007-01-30, 420
2007-01-31, 440
2007-02-01, 430
2007-02-02, 420
2007-02-03, 420
2007-02-04, 430
2007-02-05, 460
2007-02-06, 480
2007-02-07, 510
2007-02-08, 536
2007-02-09, 562
2007-02-10, 563
2007-02-11, 647
2007-02-12, 711
2007-02-13, 661
2007-02-14, 603
2007-02-15, 602
2007-02-16, 707
2007-02-17, 701
2007-02-18, 699
2007-02-19, 680
2007-02-20, 642
2007-02-21, 634
2007-02-22, 610
2007-02-23, 658
2007-02-24, 556
2007-02-25, 607
2007-02-26, 575
2007-02-27, 558
2007-02-28, 511
2007-03-01, 540
2007-03-02, 479
2007-03-03, 498
2007-03-04, 520
2007-03-05, 527
2007-03-06, 606
2007-03-07, 765
2007-03-08, 1010
2007-03-09, 1070
2007-03-10, 1020
2007-03-11, 1040
2007-03-12, 1210
2007-03-13, 1710
2007-03-14, 2120
2007-03-15, 1820
2007-03-16, 1600
2007-03-17, 1680
2007-03-18, 2000
2007-03-19, 2210
2007-03-20, 2370
2007-03-21, 2180
2007-03-22, 1930
2007-03-23, 1810
2007-03-24, 1900
2007-03-25, 2060
2007-03-26, 2160
2007-03-27, 2330
2007-03-28, 2150
2007-03-29, 1960
2007-03-30, 1850
2007-03-31, 1800
2007-04-01, 1810
2007-04-02, 1760
2007-04-03, 1620
2007-04-04, 1560
2007-04-05, 1550
2007-04-06, 1740
2007-04-07, 2060
2007-04-08, 2450
2007-04-09, 2590
2007-04-10, 2470
2007-04-11, 2210
2007-04-12, 2010
2007-04-13, 1830
2007-04-14, 1730
2007-04-15, 1700
2007-04-16, 1680
2007-04-17, 1760
2007-04-18, 1880
2007-04-19, 1810
2007-04-20, 1700
2007-04-21, 1610
2007-04-22, 1580
2007-04-23, 1610
2007-04-24, 1670
2007-04-25, 1790
2007-04-26, 1960
2007-04-27, 2120
2007-04-28, 2410
2007-04-29, 2930
2007-04-30, 3220
2007-05-01, 3350
2007-05-02, 3550
2007-05-03, 3390
2007-05-04, 2930
2007-05-05, 2580
2007-05-06, 2340
2007-05-07, 2180
2007-05-08, 2220
2007-05-09, 2450
2007-05-10, 2760
2007-05-11, 3060
2007-05-12, 3310
2007-05-13, 3580
2007-05-14, 3370
2007-05-15, 3090
2007-05-16, 2990
2007-05-17, 2960
2007-05-18, 3030
2007-05-19, 3120
2007-05-20, 3160
2007-05-21, 2890
2007-05-22, 2560
2007-05-23, 2250
2007-05-24, 1990
2007-05-25, 1810
2007-05-26, 1730
2007-05-27, 1790
2007-05-28, 2000
2007-05-29, 1970
2007-05-30, 1870
2007-05-31, 1880
2007-06-01, 1930
2007-06-02, 2020
2007-06-03, 2010
2007-06-04, 2120
2007-06-05, 2140
2007-06-06, 1960
2007-06-07, 1730
2007-06-08, 1510
2007-06-09, 1380
2007-06-10, 1470
2007-06-11, 2180
2007-06-12, 1770
2007-06-13, 1560
2007-06-14, 1460
2007-06-15, 1420
2007-06-16, 1360
2007-06-17, 1310
2007-06-18, 1230
2007-06-19, 1140
2007-06-20, 1070
2007-06-21, 1040
2007-06-22, 1000
2007-06-23, 954
2007-06-24, 912
2007-06-25, 870
2007-06-26, 828
2007-06-27, 783
2007-06-28, 742
2007-06-29, 713
2007-06-30, 694
2007-07-01, 656
2007-07-02, 633
2007-07-03, 621
2007-07-04, 588
2007-07-05, 561
2007-07-06, 541
2007-07-07, 537
2007-07-08, 512
2007-07-09, 489
2007-07-10, 475
2007-07-11, 460
2007-07-12, 447
2007-07-13, 446
2007-07-14, 430
2007-07-15, 415
2007-07-16, 415
2007-07-17, 416
2007-07-18, 417
2007-07-19, 391
2007-07-20, 383
2007-07-21, 371
2007-07-22, 362
2007-07-23, 354
2007-07-24, 363
2007-07-25, 376
2007-07-26, 402
2007-07-27, 394
2007-07-28, 357
2007-07-29, 340
2007-07-30, 334
2007-07-31, 331
2007-08-01, 320
2007-08-02, 313
2007-08-03, 323
2007-08-04, 311
2007-08-05, 305
2007-08-06, 311
2007-08-07, 305
2007-08-08, 301
2007-08-09, 299
2007-08-10, 293
2007-08-11, 290
2007-08-12, 286
2007-08-13, 280
2007-08-14, 277
2007-08-15, 280
2007-08-16, 278
2007-08-17, 273
2007-08-18, 269
2007-08-19, 268
2007-08-20, 281
2007-08-21, 293
2007-08-22, 291
2007-08-23, 281
2007-08-24, 276
2007-08-25, 271
2007-08-26, 266
2007-08-27, 264
2007-08-28, 263
2007-08-29, 262
2007-08-30, 259
2007-08-31, 260
2007-09-01, 277
2007-09-02, 274
2007-09-03, 262
2007-09-04, 257
2007-09-05, 260
2007-09-06, 283
2007-09-07, 275
2007-09-08, 266
2007-09-09, 264
2007-09-10, 264
2007-09-11, 263
2007-09-12, 260
2007-09-13, 256
2007-09-14, 255
2007-09-15, 259
2007-09-16, 259
2007-09-17, 260
2007-09-18, 266
2007-09-19, 294
2007-09-20, 310
2007-09-21, 284
2007-09-22, 276
2007-09-23, 369
2007-09-24, 373
2007-09-25, 314
2007-09-26, 299
2007-09-27, 292
2007-09-28, 288
2007-09-29, 308
2007-09-30, 308
2007-10-01, 306
2007-10-02, 334
2007-10-03, 317
2007-10-04, 324
2007-10-05, 317
2007-10-06, 315
2007-10-07, 307
2007-10-08, 304
2007-10-09, 300
2007-10-10, 298
2007-10-11, 318
2007-10-12, 314
2007-10-13, 327
2007-10-14, 318
2007-10-15, 308
2007-10-16, 305
2007-10-17, 330
2007-10-18, 337
2007-10-19, 818
2007-10-20, 1510
2007-10-21, 813
2007-10-22, 645
2007-10-23, 589
2007-10-24, 582
2007-10-25, 569
2007-10-26, 543
2007-10-27, 516
2007-10-28, 491
2007-10-29, 470
2007-10-30, 493
2007-10-31, 503
2007-11-01, 467
2007-11-02, 445
2007-11-03, 425
2007-11-04, 417
2007-11-05, 408
2007-11-06, 401
2007-11-07, 390
2007-11-08, 386
2007-11-09, 377
2007-11-10, 377
2007-11-11, 402
2007-11-12, 379
2007-11-13, 483
2007-11-14, 505
2007-11-15, 425
2007-11-16, 507
2007-11-17, 789
2007-11-18, 1540
2007-11-19, 1270
2007-11-20, 1060
2007-11-21, 831
2007-11-22, 718
2007-11-23, 666
2007-11-24, 653
2007-11-25, 681
2007-11-26, 584
2007-11-27, 591
2007-11-28, 513
2007-11-29, 541
2007-11-30, 482
2007-12-01, 440
2007-12-02, 505
2007-12-03, 520
2007-12-04, 561
2007-12-05, 593
2007-12-06, 541
2007-12-07, 513
2007-12-08, 499
2007-12-09, 425
2007-12-10, 380
2007-12-11, 354
2007-12-12, 280
2007-12-13, 320
2007-12-14, 310
2007-12-15, 370
2007-12-16, 440
2007-12-17, 456
2007-12-18, 450
2007-12-19, 445
2007-12-20, 457
2007-12-21, 395
2007-12-22, 320
2007-12-23, 424
2007-12-24, 494
2007-12-25, 414
2007-12-26, 360
2007-12-27, 320
2007-12-28, 360
2007-12-29, 424
2007-12-30, 430
2007-12-31, 360
2008-01-01, 300
2008-01-02, 280
2008-01-03, 360
2008-01-04, 420
2008-01-05, 504
2008-01-06, 442
2008-01-07, 408
2008-01-08, 395
2008-01-09, 424
2008-01-10, 415
2008-01-11, 429
2008-01-12, 410
2008-01-13, 413
2008-01-14, 358
2008-01-15, 386
2008-01-16, 300
2008-01-17, 260
2008-01-18, 360
2008-01-19, 400
2008-01-20, 442
2008-01-21, 413
2008-01-22, 320
2008-01-23, 260
2008-01-24, 240
2008-01-25, 300
2008-01-26, 360
2008-01-27, 440
2008-01-28, 453
2008-01-29, 400
2008-01-30, 408
2008-01-31, 403
2008-02-01, 367
2008-02-02, 406
2008-02-03, 413
2008-02-04, 380
2008-02-05, 360
2008-02-06, 370
2008-02-07, 385
2008-02-08, 377
2008-02-09, 394
2008-02-10, 396
2008-02-11, 397
2008-02-12, 397
2008-02-13, 412
2008-02-14, 392
2008-02-15, 382
2008-02-16, 402
2008-02-17, 415
2008-02-18, 400
2008-02-19, 414
2008-02-20, 455
2008-02-21, 473
2008-02-22, 482
2008-02-23, 494
2008-02-24, 502
2008-02-25, 527
2008-02-26, 528
2008-02-27, 520
2008-02-28, 527
2008-02-29, 584
2008-03-01, 665
2008-03-02, 645
2008-03-03, 594
2008-03-04, 594
2008-03-05, 518
2008-03-06, 480
2008-03-07, 503
2008-03-08, 531
2008-03-09, 551
2008-03-10, 584
2008-03-11, 668
2008-03-12, 749
2008-03-13, 825
2008-03-14, 814
2008-03-15, 752
2008-03-16, 668
2008-03-17, 644
2008-03-18, 637
2008-03-19, 704
2008-03-20, 805
2008-03-21, 794
2008-03-22, 738
2008-03-23, 742
2008-03-24, 762
2008-03-25, 793
2008-03-26, 810
2008-03-27, 779
2008-03-28, 690
2008-03-29, 721
2008-03-30, 620
2008-03-31, 657
2008-04-01, 574
2008-04-02, 592
2008-04-03, 596
2008-04-04, 649
2008-04-05, 665
2008-04-06, 664
2008-04-07, 680
2008-04-08, 670
2008-04-09, 687
2008-04-10, 680
2008-04-11, 674
2008-04-12, 778
2008-04-13, 1240
2008-04-14, 2330
2008-04-15, 2640
2008-04-16, 2070
2008-04-17, 1730
2008-04-18, 2040
2008-04-19, 2500
2008-04-20, 2450
2008-04-21, 2000
2008-04-22, 1640
2008-04-23, 1680
2008-04-24, 1740
2008-04-25, 1610
2008-04-26, 1550
2008-04-27, 1770
2008-04-28, 2380
2008-04-29, 3460
2008-04-30, 3470
2008-05-01, 2910
2008-05-02, 2610
2008-05-03, 2650
2008-05-04, 2820
2008-05-05, 3350
2008-05-06, 4030
2008-05-07, 4640
2008-05-08, 4730
2008-05-09, 4370
2008-05-10, 3930
2008-05-11, 3870
2008-05-12, 3710
2008-05-13, 3590
2008-05-14, 3690
2008-05-15, 4300
2008-05-16, 5470
2008-05-17, 6770
2008-05-18, 7690
2008-05-19, 9180
2008-05-20, 9120
2008-05-21, 8540
2008-05-22, 6510
2008-05-23, 5120
2008-05-24, 4550
2008-05-25, 4250
2008-05-26, 4250
2008-05-27, 4690
2008-05-28, 4850
2008-05-29, 4660
2008-05-30, 4490
2008-05-31, 4380
2008-06-01, 4550
2008-06-02, 4370
2008-06-03, 4240
2008-06-04, 4130
2008-06-05, 3710
2008-06-06, 3570
2008-06-07, 3340
2008-06-08, 3070
2008-06-09, 2960
2008-06-10, 3190
2008-06-11, 3150
2008-06-12, 2850
2008-06-13, 2670
2008-06-14, 2720
2008-06-15, 3090
2008-06-16, 3400
2008-06-17, 3680
2008-06-18, 3960
2008-06-19, 3730
2008-06-20, 3500
2008-06-21, 3470
2008-06-22, 3700
2008-06-23, 3680
2008-06-24, 3330
2008-06-25, 3030
2008-06-26, 2900
2008-06-27, 2890
2008-06-28, 2790
2008-06-29, 2780
2008-06-30, 2680
2008-07-01, 2570
2008-07-02, 2410
2008-07-03, 2200
2008-07-04, 2100
2008-07-05, 1970
2008-07-06, 1740
2008-07-07, 1550
2008-07-08, 1400
2008-07-09, 1300
2008-07-10, 1230
2008-07-11, 1170
2008-07-12, 1100
2008-07-13, 1040
2008-07-14, 987
2008-07-15, 945
2008-07-16, 901
2008-07-17, 854
2008-07-18, 829
2008-07-19, 800
2008-07-20, 765
2008-07-21, 729
2008-07-22, 771
2008-07-23, 829
2008-07-24, 728
2008-07-25, 683
2008-07-26, 647
2008-07-27, 622
2008-07-28, 607
2008-07-29, 589
2008-07-30, 584
2008-07-31, 559
2008-08-01, 540
2008-08-02, 523
2008-08-03, 509
2008-08-04, 495
2008-08-05, 481
2008-08-06, 476
2008-08-07, 465
2008-08-08, 518
2008-08-09, 494
2008-08-10, 463
2008-08-11, 445
2008-08-12, 437
2008-08-13, 424
2008-08-14, 414
2008-08-15, 404
2008-08-16, 394
2008-08-17, 387
2008-08-18, 379
2008-08-19, 372
2008-08-20, 375
2008-08-21, 378
2008-08-22, 372
2008-08-23, 369
2008-08-24, 359
2008-08-25, 348
2008-08-26, 340
2008-08-27, 345
2008-08-28, 344
2008-08-29, 341
2008-08-30, 337
2008-08-31, 332
2008-09-01, 339
2008-09-02, 349
2008-09-03, 348
2008-09-04, 340
2008-09-05, 336
2008-09-06, 334
2008-09-07, 332
2008-09-08, 327
2008-09-09, 323
2008-09-10, 319
2008-09-11, 316
2008-09-12, 319
2008-09-13, 316
2008-09-14, 313
2008-09-15, 310
2008-09-16, 306
2008-09-17, 302
2008-09-18, 300
2008-09-19, 301
2008-09-20, 369
2008-09-21, 505
2008-09-22, 398
2008-09-23, 360
2008-09-24, 347
2008-09-25, 338
2008-09-26, 331
2008-09-27, 327
2008-09-28, 324
2008-09-29, 322
2008-09-30, 319
2008-10-01, 316
2008-10-02, 315
2008-10-03, 317
2008-10-04, 361
2008-10-05, 448
2008-10-06, 385
2008-10-07, 360
2008-10-08, 347
2008-10-09, 342
2008-10-10, 345
2008-10-11, 360
2008-10-12, 354
2008-10-13, 349
2008-10-14, 355
2008-10-15, 359
2008-10-16, 351
2008-10-17, 348
2008-10-18, 345
2008-10-19, 340
2008-10-20, 337
2008-10-21, 333
2008-10-22, 329
2008-10-23, 330
2008-10-24, 332
2008-10-25, 331
2008-10-26, 329
2008-10-27, 327
2008-10-28, 325
2008-10-29, 325
2008-10-30, 323
2008-10-31, 323
2008-11-01, 328
2008-11-02, 517
2008-11-03, 612
2008-11-04, 524
2008-11-05, 467
2008-11-06, 407
2008-11-07, 405
2008-11-08, 417
2008-11-09, 459
2008-11-10, 517
2008-11-11, 465
2008-11-12, 476
2008-11-13, 786
2008-11-14, 856
2008-11-15, 633
2008-11-16, 562
2008-11-17, 512
2008-11-18, 480
2008-11-19, 458
2008-11-20, 446
2008-11-21, 438
2008-11-22, 404
2008-11-23, 418
2008-11-24, 357
2008-11-25, 360
2008-11-26, 399
2008-11-27, 395
2008-11-28, 383
2008-11-29, 379
2008-11-30, 385
2008-12-01, 373
2008-12-02, 380
2008-12-03, 391
2008-12-04, 367
2008-12-05, 317
2008-12-06, 343
2008-12-07, 366
2008-12-08, 367
2008-12-09, 312
2008-12-10, 332
2008-12-11, 327
2008-12-12, 345
2008-12-13, 364
2008-12-14, 339
2008-12-15, 299
2008-12-16, 280
2008-12-17, 240
2008-12-18, 220
2008-12-19, 300
2008-12-20, 300
2008-12-21, 300
2008-12-22, 340
2008-12-23, 300
2008-12-24, 300
2008-12-25, 300
2008-12-26, 300
2008-12-27, 300
2008-12-28, 340
2008-12-29, 400
2008-12-30, 460
2008-12-31, 440
2009-01-01, 447
2009-01-02, 456
2009-01-03, 424
2009-01-04, 280
2009-01-05, 340
2009-01-06, 380
2009-01-07, 480
2009-01-08, 467
2009-01-09, 445
2009-01-10, 394
2009-01-11, 405
2009-01-12, 415
2009-01-13, 407
2009-01-14, 384
2009-01-15, 366
2009-01-16, 365
2009-01-17, 359
2009-01-18, 330
2009-01-19, 340
2009-01-20, 360
2009-01-21, 400
2009-01-22, 440
2009-01-23, 480
2009-01-24, 486
2009-01-25, 468
2009-01-26, 433
2009-01-27, 351
2009-01-28, 389
2009-01-29, 398
2009-01-30, 355
2009-01-31, 363
2009-02-01, 365
2009-02-02, 377
2009-02-03, 391
2009-02-04, 382
2009-02-05, 404
2009-02-06, 435
2009-02-07, 424
2009-02-08, 414
2009-02-09, 432
2009-02-10, 432
2009-02-11, 422
2009-02-12, 386
2009-02-13, 371
2009-02-14, 409
2009-02-15, 386
2009-02-16, 388
2009-02-17, 386
2009-02-18, 379
2009-02-19, 358
2009-02-20, 361
2009-02-21, 359
2009-02-22, 378
2009-02-23, 424
2009-02-24, 567
2009-02-25, 649
2009-02-26, 604
2009-02-27, 465
2009-02-28, 441
2009-03-01, 534
2009-03-02, 502
2009-03-03, 727
2009-03-04, 865
2009-03-05, 796
2009-03-06, 712
2009-03-07, 595
2009-03-08, 621
2009-03-09, 501
2009-03-10, 544
2009-03-11, 454
2009-03-12, 478
2009-03-13, 492
2009-03-14, 511
2009-03-15, 541
2009-03-16, 664
2009-03-17, 1070
2009-03-18, 1010
2009-03-19, 960
2009-03-20, 1040
2009-03-21, 1310
2009-03-22, 1520
2009-03-23, 1370
2009-03-24, 1210
2009-03-25, 1110
2009-03-26, 986
2009-03-27, 901
2009-03-28, 883
2009-03-29, 965
2009-03-30, 884
2009-03-31, 900
2009-04-01, 858
2009-04-02, 859
2009-04-03, 854
2009-04-04, 811
2009-04-05, 818
2009-04-06, 890
2009-04-07, 1090
2009-04-08, 1510
2009-04-09, 1680
2009-04-10, 1720
2009-04-11, 1780
2009-04-12, 1910
2009-04-13, 2160
2009-04-14, 2220
2009-04-15, 1980
2009-04-16, 1810
2009-04-17, 2000
2009-04-18, 2320
2009-04-19, 2540
2009-04-20, 3010
2009-04-21, 3790
2009-04-22, 4660
2009-04-23, 5190
2009-04-24, 4160
2009-04-25, 3490
2009-04-26, 3030
2009-04-27, 2720
2009-04-28, 2550
2009-04-29, 2340
2009-04-30, 2170
2009-05-01, 2000
2009-05-02, 1980
2009-05-03, 2060
2009-05-04, 2350
2009-05-05, 2790
2009-05-06, 3290
2009-05-07, 3380
2009-05-08, 3120
2009-05-09, 2910
2009-05-10, 2800
2009-05-11, 2870
2009-05-12, 3090
2009-05-13, 2860
2009-05-14, 2760
2009-05-15, 2750
2009-05-16, 2870
2009-05-17, 3250
2009-05-18, 4360
2009-05-19, 6170
2009-05-20, 6420
2009-05-21, 5380
2009-05-22, 4840
2009-05-23, 5030
2009-05-24, 5400
2009-05-25, 5820
2009-05-26, 5350
2009-05-27, 5000
2009-05-28, 5060
2009-05-29, 5170
2009-05-30, 5400
2009-05-31, 5710
2009-06-01, 5660
2009-06-02, 5540
2009-06-03, 5080
2009-06-04, 5080
2009-06-05, 5050
2009-06-06, 5080
2009-06-07, 4690
2009-06-08, 3890
2009-06-09, 3420
2009-06-10, 3180
2009-06-11, 3070
2009-06-12, 3230
2009-06-13, 3170
2009-06-14, 3190
2009-06-15, 3160
2009-06-16, 3020
2009-06-17, 3160
2009-06-18, 3000
2009-06-19, 2820
2009-06-20, 2800
2009-06-21, 2640
2009-06-22, 2770
2009-06-23, 2380
2009-06-24, 2210
2009-06-25, 2300
2009-06-26, 2500
2009-06-27, 2320
2009-06-28, 2120
2009-06-29, 2020
2009-06-30, 2030
2009-07-01, 1990
2009-07-02, 1830
2009-07-03, 1700
2009-07-04, 1730
2009-07-05, 1590
2009-07-06, 1530
2009-07-07, 1430
2009-07-08, 1320
2009-07-09, 1220
2009-07-10, 1140
2009-07-11, 1070
2009-07-12, 1040
2009-07-13, 1060
2009-07-14, 1020
2009-07-15, 955
2009-07-16, 905
2009-07-17, 857
2009-07-18, 822
2009-07-19, 790
2009-07-20, 760
2009-07-21, 738
2009-07-22, 710
2009-07-23, 682
2009-07-24, 664
2009-07-25, 637
2009-07-26, 616
2009-07-27, 596
2009-07-28, 587
2009-07-29, 575
2009-07-30, 562
2009-07-31, 540
2009-08-01, 520
2009-08-02, 504
2009-08-03, 491
2009-08-04, 476
2009-08-05, 466
2009-08-06, 492
2009-08-07, 620
2009-08-08, 668
2009-08-09, 571
2009-08-10, 531
2009-08-11, 495
2009-08-12, 471
2009-08-13, 455
2009-08-14, 458
2009-08-15, 469
2009-08-16, 452
2009-08-17, 440
2009-08-18, 430
2009-08-19, 419
2009-08-20, 406
2009-08-21, 395
2009-08-22, 382
2009-08-23, 376
2009-08-24, 380
2009-08-25, 380
2009-08-26, 370
2009-08-27, 370
2009-08-28, 365
2009-08-29, 359
2009-08-30, 400
2009-08-31, 447
2009-09-01, 414
2009-09-02, 384
2009-09-03, 369
2009-09-04, 359
2009-09-05, 359
2009-09-06, 356
2009-09-07, 353
2009-09-08, 350
2009-09-09, 352
2009-09-10, 345
2009-09-11, 337
2009-09-12, 334
2009-09-13, 331
2009-09-14, 329
2009-09-15, 357
2009-09-16, 356
2009-09-17, 342
2009-09-18, 334
2009-09-19, 329
2009-09-20, 325
2009-09-21, 325
2009-09-22, 328
2009-09-23, 326
2009-09-24, 322
2009-09-25, 318
2009-09-26, 313
2009-09-27, 312
2009-09-28, 312
2009-09-29, 311
2009-09-30, 332
2009-10-01, 339
2009-10-02, 338
2009-10-03, 342
2009-10-04, 498
2009-10-05, 477
2009-10-06, 432
2009-10-07, 420
2009-10-08, 416
2009-10-09, 399
2009-10-10, 389
2009-10-11, 377
2009-10-12, 370
2009-10-13, 377
2009-10-14, 526
2009-10-15, 772
2009-10-16, 608
2009-10-17, 505
2009-10-18, 474
2009-10-19, 540
2009-10-20, 597
2009-10-21, 509
2009-10-22, 472
2009-10-23, 450
2009-10-24, 491
2009-10-25, 468
2009-10-26, 442
2009-10-27, 460
2009-10-28, 438
2009-10-29, 409
2009-10-30, 429
2009-10-31, 441
2009-11-01, 452
2009-11-02, 446
2009-11-03, 432
2009-11-04, 418
2009-11-05, 414
2009-11-06, 422
2009-11-07, 458
2009-11-08, 424
2009-11-09, 390
2009-11-10, 404
2009-11-11, 408
2009-11-12, 487
2009-11-13, 423
2009-11-14, 420
2009-11-15, 365
2009-11-16, 375
2009-11-17, 429
2009-11-18, 445
2009-11-19, 404
2009-11-20, 403
2009-11-21, 442
2009-11-22, 397
2009-11-23, 394
2009-11-24, 365
2009-11-25, 388
2009-11-26, 383
2009-11-27, 426
2009-11-28, 430
2009-11-29, 350
2009-11-30, 351
2009-12-01, 372
2009-12-02, 331
2009-12-03, 260
2009-12-04, 220
2009-12-05, 280
2009-12-06, 264
2009-12-07, 250
2009-12-08, 239
2009-12-09, 362
2009-12-10, 273
2009-12-11, 276
2009-12-12, 372
2009-12-13, 459
2009-12-14, 469
2009-12-15, 431
2009-12-16, 437
2009-12-17, 433
2009-12-18, 411
2009-12-19, 380
2009-12-20, 381
2009-12-21, 392
2009-12-22, 387
2009-12-23, 359
2009-12-24, 315
2009-12-25, 281
2009-12-26, 284
2009-12-27, 298
2009-12-28, 496
2009-12-29, 377
2009-12-30, 395
2009-12-31, 377
2010-01-01, 379
2010-01-02, 365
2010-01-03, 363
2010-01-04, 343
2010-01-05, 358
2010-01-06, 364
2010-01-07, 358
2010-01-08, 321
2010-01-09, 331
2010-01-10, 358
2010-01-11, 350
2010-01-12, 350
2010-01-13, 388
2010-01-14, 401
2010-01-15, 370
2010-01-16, 361
2010-01-17, 368
2010-01-18, 366
2010-01-19, 389
2010-01-20, 387
2010-01-21, 383
2010-01-22, 378
2010-01-23, 380
2010-01-24, 366
2010-01-25, 359
2010-01-26, 369
2010-01-27, 369
2010-01-28, 361
2010-01-29, 351
2010-01-30, 354
2010-01-31, 364
2010-02-01, 357
2010-02-02, 347
2010-02-03, 351
2010-02-04, 353
2010-02-05, 360
2010-02-06, 357
2010-02-07, 337
2010-02-08, 313
2010-02-09, 356
2010-02-10, 377
2010-02-11, 366
2010-02-12, 371
2010-02-13, 376
2010-02-14, 369
2010-02-15, 388
2010-02-16, 409
2010-02-17, 413
2010-02-18, 417
2010-02-19, 414
2010-02-20, 405
2010-02-21, 380
2010-02-22, 330
2010-02-23, 345
2010-02-24, 438
2010-02-25, 403
2010-02-26, 371
2010-02-27, 381
2010-02-28, 386
2010-03-01, 418
2010-03-02, 465
2010-03-03, 505
2010-03-04, 544
2010-03-05, 549
2010-03-06, 556
2010-03-07, 588
2010-03-08, 663
2010-03-09, 688
2010-03-10, 627
2010-03-11, 564
2010-03-12, 551
2010-03-13, 560
2010-03-14, 522
2010-03-15, 528
2010-03-16, 597
2010-03-17, 711
2010-03-18, 957
2010-03-19, 960
2010-03-20, 903
2010-03-21, 882
2010-03-22, 872
2010-03-23, 815
2010-03-24, 791
2010-03-25, 804
2010-03-26, 782
2010-03-27, 720
2010-03-28, 721
2010-03-29, 761
2010-03-30, 1160
2010-03-31, 1090
2010-04-01, 983
2010-04-02, 894
2010-04-03, 853
2010-04-04, 769
2010-04-05, 779
2010-04-06, 722
2010-04-07, 680
2010-04-08, 717
2010-04-09, 681
2010-04-10, 679
2010-04-11, 699
2010-04-12, 760
2010-04-13, 826
2010-04-14, 830
2010-04-15, 934
2010-04-16, 1290
2010-04-17, 1860
2010-04-18, 2330
2010-04-19, 2630
2010-04-20, 3050
2010-04-21, 4710
2010-04-22, 4080
2010-04-23, 3520
2010-04-24, 3180
2010-04-25, 2900
2010-04-26, 2690
2010-04-27, 2810
2010-04-28, 3290
2010-04-29, 2860
2010-04-30, 2500
2010-05-01, 2240
2010-05-02, 2030
2010-05-03, 1940
2010-05-04, 1960
2010-05-05, 1840
2010-05-06, 1770
2010-05-07, 1660
2010-05-08, 1630
2010-05-09, 1590
2010-05-10, 1660
2010-05-11, 1700
2010-05-12, 1720
2010-05-13, 1830
2010-05-14, 2000
2010-05-15, 2240
2010-05-16, 2590
2010-05-17, 3060
2010-05-18, 3890
2010-05-19, 3970
2010-05-20, 4190
2010-05-21, 3740
2010-05-22, 3210
2010-05-23, 2810
2010-05-24, 2500
2010-05-25, 2250
2010-05-26, 2090
2010-05-27, 2220
2010-05-28, 2260
2010-05-29, 2330
2010-05-30, 2250
2010-05-31, 2240
2010-06-01, 2390
2010-06-02, 2600
2010-06-03, 5280
2010-06-04, 7080
2010-06-05, 9790
2010-06-06, 7890
2010-06-07, 7960
2010-06-08, 7230
2010-06-09, 6220
2010-06-10, 5630
2010-06-11, 4910
2010-06-12, 4300
2010-06-13, 4180
2010-06-14, 4240
2010-06-15, 4480
2010-06-16, 4470
2010-06-17, 3780
2010-06-18, 3210
2010-06-19, 3000
2010-06-20, 3140
2010-06-21, 3130
2010-06-22, 3060
2010-06-23, 3050
2010-06-24, 3130
2010-06-25, 3250
2010-06-26, 3070
2010-06-27, 2950
2010-06-28, 2790
2010-06-29, 2790
2010-06-30, 2680
2010-07-01, 2470
2010-07-02, 2290
2010-07-03, 2120
2010-07-04, 1900
2010-07-05, 1770
2010-07-06, 1680
2010-07-07, 1590
2010-07-08, 1490
2010-07-09, 1410
2010-07-10, 1350
2010-07-11, 1310
2010-07-12, 1250
2010-07-13, 1180
2010-07-14, 1100
2010-07-15, 1050
2010-07-16, 998
2010-07-17, 953
2010-07-18, 904
2010-07-19, 876
2010-07-20, 844
2010-07-21, 816
2010-07-22, 784
2010-07-23, 760
2010-07-24, 735
2010-07-25, 715
2010-07-26, 687
2010-07-27, 748
2010-07-28, 697
2010-07-29, 687
2010-07-30, 648
2010-07-31, 646
2010-08-01, 617
2010-08-02, 590
2010-08-03, 572
2010-08-04, 552
2010-08-05, 531
2010-08-06, 517
2010-08-07, 522
2010-08-08, 500
2010-08-09, 498
2010-08-10, 529
2010-08-11, 530
2010-08-12, 555
2010-08-13, 536
2010-08-14, 512
2010-08-15, 490
2010-08-16, 469
2010-08-17, 454
2010-08-18, 438
2010-08-19, 428
2010-08-20, 423
2010-08-21, 409
2010-08-22, 406
2010-08-23, 409
2010-08-24, 410
2010-08-25, 403
2010-08-26, 390
2010-08-27, 394
2010-08-28, 382
2010-08-29, 386
2010-08-30, 420
2010-08-31, 439
2010-09-01, 431
2010-09-02, 433
2010-09-03, 418
2010-09-04, 399
2010-09-05, 384
2010-09-06, 378
2010-09-07, 386
2010-09-08, 380
2010-09-09, 390
2010-09-10, 434
2010-09-11, 425
2010-09-12, 404
2010-09-13, 391
2010-09-14, 377
2010-09-15, 371
2010-09-16, 366
2010-09-17, 366
2010-09-18, 361
2010-09-19, 352
2010-09-20, 362
2010-09-21, 368
2010-09-22, 359
2010-09-23, 353
2010-09-24, 350
2010-09-25, 349
2010-09-26, 346
2010-09-27, 338
2010-09-28, 336
2010-09-29, 332
2010-09-30, 334
2010-10-01, 331
2010-10-02, 328
2010-10-03, 327
2010-10-04, 370
2010-10-05, 440
2010-10-06, 392
2010-10-07, 381
2010-10-08, 379
2010-10-09, 373
2010-10-10, 369
2010-10-11, 384
2010-10-12, 387
2010-10-13, 369
2010-10-14, 362
2010-10-15, 357
2010-10-16, 356
2010-10-17, 357
2010-10-18, 353
2010-10-19, 351
2010-10-20, 351
2010-10-21, 350
2010-10-22, 349
2010-10-23, 350
2010-10-24, 532
2010-10-25, 1040
2010-10-26, 594
2010-10-27, 494
2010-10-28, 453
2010-10-29, 446
2010-10-30, 440
2010-10-31, 466
2010-11-01, 511
2010-11-02, 465
2010-11-03, 452
2010-11-04, 449
2010-11-05, 446
2010-11-06, 441
2010-11-07, 465
2010-11-08, 639
2010-11-09, 547
2010-11-10, 502
2010-11-11, 467
2010-11-12, 447
2010-11-13, 430
2010-11-14, 431
2010-11-15, 435
2010-11-16, 477
2010-11-17, 473
2010-11-18, 443
2010-11-19, 436
2010-11-20, 436
2010-11-21, 391
2010-11-22, 417
2010-11-23, 414
2010-11-24, 329
2010-11-25, 290
2010-11-26, 466
2010-11-27, 523
2010-11-28, 493
2010-11-29, 393
2010-11-30, 384
2010-12-01, 489
2010-12-02, 495
2010-12-03, 500
2010-12-04, 448
2010-12-05, 457
2010-12-06, 462
2010-12-07, 482
2010-12-08, 461
2010-12-09, 468
2010-12-10, 522
2010-12-11, 511
2010-12-12, 517
2010-12-13, 580
2010-12-14, 773
2010-12-15, 860
2010-12-16, 662
2010-12-17, 502
2010-12-18, 542
2010-12-19, 594
2010-12-20, 551
2010-12-21, 471
2010-12-22, 442
2010-12-23, 482
2010-12-24, 438
2010-12-25, 402
2010-12-26, 478
2010-12-27, 473
2010-12-28, 464
2010-12-29, 478
2010-12-30, 409
2010-12-31, 310
2011-01-01, 290
2011-01-02, 370
2011-01-03, 410
2011-01-04, 360
2011-01-05, 440
2011-01-06, 460
2011-01-07, 460
2011-01-08, 410
2011-01-09, 400
2011-01-10, 370
2011-01-11, 340
2011-01-12, 360
2011-01-13, 400
2011-01-14, 450
2011-01-15, 524
2011-01-16, 704
2011-01-17, 2680
2011-01-18, 1860
2011-01-19, 1340
2011-01-20, 984
2011-01-21, 956
2011-01-22, 859
2011-01-23, 733
2011-01-24, 713
2011-01-25, 701
2011-01-26, 631
2011-01-27, 610
2011-01-28, 586
2011-01-29, 585
2011-01-30, 615
2011-01-31, 581
2011-02-01, 447
2011-02-02, 390
2011-02-03, 490
2011-02-04, 659
2011-02-05, 639
2011-02-06, 544
2011-02-07, 530
2011-02-08, 491
2011-02-09, 464
2011-02-10, 426
2011-02-11, 448
2011-02-12, 507
2011-02-13, 505
2011-02-14, 483
2011-02-15, 489
2011-02-16, 521
2011-02-17, 524
2011-02-18, 513
2011-02-19, 498
2011-02-20, 509
2011-02-21, 469
2011-02-22, 489
2011-02-23, 477
2011-02-24, 463
2011-02-25, 450
2011-02-26, 428
2011-02-27, 428
2011-02-28, 441
2011-03-01, 468
2011-03-02, 456
2011-03-03, 475
2011-03-04, 458
2011-03-05, 460
2011-03-06, 470
2011-03-07, 480
2011-03-08, 468
2011-03-09, 464
2011-03-10, 479
2011-03-11, 527
2011-03-12, 501
2011-03-13, 520
2011-03-14, 634
2011-03-15, 792
2011-03-16, 1500
2011-03-17, 1490
2011-03-18, 1220
2011-03-19, 1100
2011-03-20, 988
2011-03-21, 953
2011-03-22, 955
2011-03-23, 904
2011-03-24, 903
2011-03-25, 912
2011-03-26, 888
2011-03-27, 889
2011-03-28, 850
2011-03-29, 807
2011-03-30, 808
2011-03-31, 917
2011-04-01, 1470
2011-04-02, 2290
2011-04-03, 2300
2011-04-04, 1940
2011-04-05, 1850
2011-04-06, 1850
2011-04-07, 1680
2011-04-08, 1520
2011-04-09, 1440
2011-04-10, 1350
2011-04-11, 1340
2011-04-12, 1430
2011-04-13, 1590
2011-04-14, 1590
2011-04-15, 1490
2011-04-16, 1700
2011-04-17, 3680
2011-04-18, 4170
2011-04-19, 3440
2011-04-20, 2920
2011-04-21, 2640
2011-04-22, 2280
2011-04-23, 2070
2011-04-24, 2010
2011-04-25, 2060
2011-04-26, 2040
2011-04-27, 1890
2011-04-28, 1920
2011-04-29, 1830
2011-04-30, 1720
2011-05-01, 1730
2011-05-02, 1930
2011-05-03, 2320
2011-05-04, 2510
2011-05-05, 2900
2011-05-06, 3540
2011-05-07, 4930
2011-05-08, 6300
2011-05-09, 5390
2011-05-10, 5200
2011-05-11, 5560
2011-05-12, 6130
2011-05-13, 7160
2011-05-14, 8760
2011-05-15, 10000
2011-05-16, 9220
2011-05-17, 6740
2011-05-18, 5370
2011-05-19, 4570
2011-05-20, 4840
2011-05-21, 5240
2011-05-22, 5380
2011-05-23, 5480
2011-05-24, 5580
2011-05-25, 5470
2011-05-26, 6170
2011-05-27, 5330
2011-05-28, 4600
2011-05-29, 4070
2011-05-30, 3640
2011-05-31, 3370
2011-06-01, 3310
2011-06-02, 3730
2011-06-03, 3540
2011-06-04, 3450
2011-06-05, 3780
2011-06-06, 5040
2011-06-07, 6390
2011-06-08, 6330
2011-06-09, 6300
2011-06-10, 5660
2011-06-11, 5360
2011-06-12, 5340
2011-06-13, 5690
2011-06-14, 5750
2011-06-15, 6030
2011-06-16, 5930
2011-06-17, 5110
2011-06-18, 4910
2011-06-19, 4790
2011-06-20, 5010
2011-06-21, 5440
2011-06-22, 6010
2011-06-23, 7080
2011-06-24, 7620
2011-06-25, 6400
2011-06-26, 5460
2011-06-27, 5100
2011-06-28, 5350
2011-06-29, 6150
2011-06-30, 5760
2011-07-01, 4780
2011-07-02, 4390
2011-07-03, 4490
2011-07-04, 4910
2011-07-05, 4670
2011-07-06, 4440
2011-07-07, 4120
2011-07-08, 3510
2011-07-09, 3300
2011-07-10, 2950
2011-07-11, 2900
2011-07-12, 2890
2011-07-13, 2790
2011-07-14, 2670
2011-07-15, 2370
2011-07-16, 2140
2011-07-17, 2060
2011-07-18, 1930
2011-07-19, 1820
2011-07-20, 1730
2011-07-21, 1590
2011-07-22, 1490
2011-07-23, 1410
2011-07-24, 1320
2011-07-25, 1250
2011-07-26, 1220
2011-07-27, 1170
2011-07-28, 1100
2011-07-29, 1050
2011-07-30, 1000
2011-07-31, 1020
2011-08-01, 978
2011-08-02, 944
2011-08-03, 912
2011-08-04, 865
2011-08-05, 877
2011-08-06, 826
2011-08-07, 797
2011-08-08, 767
2011-08-09, 741
2011-08-10, 714
2011-08-11, 688
2011-08-12, 666
2011-08-13, 647
2011-08-14, 629
2011-08-15, 613
2011-08-16, 598
2011-08-17, 586
2011-08-18, 567
2011-08-19, 555
2011-08-20, 544
2011-08-21, 536
2011-08-22, 517
2011-08-23, 505
2011-08-24, 496
2011-08-25, 487
2011-08-26, 477
2011-08-27, 470
2011-08-28, 482
2011-08-29, 466
2011-08-30, 454
2011-08-31, 447
2011-09-01, 445
2011-09-02, 446
2011-09-03, 442
2011-09-04, 437
2011-09-05, 427
2011-09-06, 418
2011-09-07, 417
2011-09-08, 415
2011-09-09, 421
2011-09-10, 411
2011-09-11, 412
2011-09-12, 420
2011-09-13, 448
2011-09-14, 433
2011-09-15, 412
2011-09-16, 437
2011-09-17, 431
2011-09-18, 415
2011-09-19, 407
2011-09-20, 400
2011-09-21, 394
2011-09-22, 386
2011-09-23, 379
2011-09-24, 371
2011-09-25, 365
2011-09-26, 366
2011-09-27, 368
2011-09-28, 364
2011-09-29, 360
2011-09-30, 359
